"Year","Value","Range","StdDev","EarliestTrans","LatestTrans","FisheryCode","FileName","Gear","Region"
2016,163400,28500,15500,"2015-11","2016-12","S 01A","x_s01a.htm","Purse Seine","Southeast"
2015,250000,150000,46450,"2015-02","2015-11","S 01A","x_s01a.htm","Purse Seine","Southeast"
2014,307000,25000,10350,"2014-03","2014-09","S 01A","x_s01a.htm","Purse Seine","Southeast"
2013,300800,90000,21300,"2013-01","2013-12","S 01A","x_s01a.htm","Purse Seine","Southeast"
2012,236000,40000,14700,"2012-02","2012-12","S 01A","x_s01a.htm","Purse Seine","Southeast"
2011,129500,85000,14900,"2011-01","2011-11","S 01A","x_s01a.htm","Purse Seine","Southeast"
2010,87400,62000,21600,"2010-01","2010-12","S 01A","x_s01a.htm","Purse Seine","Southeast"
2009,72800,18000,5100,"2009-02","2009-12","S 01A","x_s01a.htm","Purse Seine","Southeast"
2008,67800,16500,5000,"2008-03","2008-12","S 01A","x_s01a.htm","Purse Seine","Southeast"
2007,59700,27000,7350,"2007-01","2007-12","S 01A","x_s01a.htm","Purse Seine","Southeast"
2006,52900,35000,7650,"2006-01","2006-12","S 01A","x_s01a.htm","Purse Seine","Southeast"
2005,41800,21000,5200,"2005-01","2005-12","S 01A","x_s01a.htm","Purse Seine","Southeast"
2004,32100,10000,3450,"2004-05","2004-12","S 01A","x_s01a.htm","Purse Seine","Southeast"
2003,32800,12500,5100,"2003-02","2003-11","S 01A","x_s01a.htm","Purse Seine","Southeast"
2002,22800,14000,4150,"2002-01","2002-12","S 01A","x_s01a.htm","Purse Seine","Southeast"
2001,34700,19500,5300,"2001-01","2001-10","S 01A","x_s01a.htm","Purse Seine","Southeast"
2000,39300,17000,3750,NA,NA,"S 01A","x_s01a.htm","Purse Seine","Southeast"
1999,40400,25000,5350,NA,NA,"S 01A","x_s01a.htm","Purse Seine","Southeast"
1998,49500,28000,6650,NA,NA,"S 01A","x_s01a.htm","Purse Seine","Southeast"
1997,50000,30000,5650,NA,NA,"S 01A","x_s01a.htm","Purse Seine","Southeast"
1996,61200,36000,11650,NA,NA,"S 01A","x_s01a.htm","Purse Seine","Southeast"
1995,75900,15000,3950,NA,NA,"S 01A","x_s01a.htm","Purse Seine","Southeast"
1994,73600,25000,6400,NA,NA,"S 01A","x_s01a.htm","Purse Seine","Southeast"
1993,79600,26500,6750,NA,NA,"S 01A","x_s01a.htm","Purse Seine","Southeast"
1992,65000,42000,11150,NA,NA,"S 01A","x_s01a.htm","Purse Seine","Southeast"
1991,92700,25000,5750,NA,NA,"S 01A","x_s01a.htm","Purse Seine","Southeast"
1990,110563,NA,NA,NA,NA,"S 01A","x_s01a.htm","Purse Seine","Southeast"
1989,79267,NA,NA,NA,NA,"S 01A","x_s01a.htm","Purse Seine","Southeast"
1988,65833,NA,NA,NA,NA,"S 01A","x_s01a.htm","Purse Seine","Southeast"
1987,40832,NA,NA,NA,NA,"S 01A","x_s01a.htm","Purse Seine","Southeast"
1986,36059,NA,NA,NA,NA,"S 01A","x_s01a.htm","Purse Seine","Southeast"
1985,37907,NA,NA,NA,NA,"S 01A","x_s01a.htm","Purse Seine","Southeast"
1984,40884,NA,NA,NA,NA,"S 01A","x_s01a.htm","Purse Seine","Southeast"
1983,38531,NA,NA,NA,NA,"S 01A","x_s01a.htm","Purse Seine","Southeast"
1982,40636,NA,NA,NA,NA,"S 01A","x_s01a.htm","Purse Seine","Southeast"
2016,147900,16000,4750,"2016-02","2016-12","S 01E","x_s01e.htm","Purse Seine","Prince Wm Snd"
2015,186700,40000,15500,"2015-01","2015-12","S 01E","x_s01e.htm","Purse Seine","Prince Wm Snd"
2014,204600,40000,12350,"2014-03","2014-12","S 01E","x_s01e.htm","Purse Seine","Prince Wm Snd"
2013,168000,72500,23200,"2013-01","2013-12","S 01E","x_s01e.htm","Purse Seine","Prince Wm Snd"
2012,168700,39000,10100,"2012-02","2012-12","S 01E","x_s01e.htm","Purse Seine","Prince Wm Snd"
2011,140000,45000,10400,"2011-01","2011-12","S 01E","x_s01e.htm","Purse Seine","Prince Wm Snd"
2010,100500,80000,26650,"2010-02","2010-12","S 01E","x_s01e.htm","Purse Seine","Prince Wm Snd"
2009,75300,40000,13400,"2009-02","2009-12","S 01E","x_s01e.htm","Purse Seine","Prince Wm Snd"
2008,70200,97500,24950,"2008-01","2008-12","S 01E","x_s01e.htm","Purse Seine","Prince Wm Snd"
2007,30900,17500,4200,"2007-01","2007-12","S 01E","x_s01e.htm","Purse Seine","Prince Wm Snd"
2006,26100,6000,1900,"2006-01","2006-10","S 01E","x_s01e.htm","Purse Seine","Prince Wm Snd"
2005,19200,8000,2400,"2005-02","2005-12","S 01E","x_s01e.htm","Purse Seine","Prince Wm Snd"
2004,14000,4000,1550,"2004-03","2004-12","S 01E","x_s01e.htm","Purse Seine","Prince Wm Snd"
2003,13500,5000,2400,"2002-11","2003-10","S 01E","x_s01e.htm","Purse Seine","Prince Wm Snd"
2002,20000,17800,5550,"2002-01","2002-11","S 01E","x_s01e.htm","Purse Seine","Prince Wm Snd"
2001,21400,3500,1150,"2001-04","2001-12","S 01E","x_s01e.htm","Purse Seine","Prince Wm Snd"
2000,22000,7000,2400,NA,NA,"S 01E","x_s01e.htm","Purse Seine","Prince Wm Snd"
1999,23100,7000,2600,NA,NA,"S 01E","x_s01e.htm","Purse Seine","Prince Wm Snd"
1998,36600,18000,5850,NA,NA,"S 01E","x_s01e.htm","Purse Seine","Prince Wm Snd"
1997,36400,15000,4850,NA,NA,"S 01E","x_s01e.htm","Purse Seine","Prince Wm Snd"
1996,33800,15000,5800,NA,NA,"S 01E","x_s01e.htm","Purse Seine","Prince Wm Snd"
1995,64300,40000,12750,NA,NA,"S 01E","x_s01e.htm","Purse Seine","Prince Wm Snd"
1994,35300,30000,9200,NA,NA,"S 01E","x_s01e.htm","Purse Seine","Prince Wm Snd"
1993,88900,71500,23600,NA,NA,"S 01E","x_s01e.htm","Purse Seine","Prince Wm Snd"
1992,98300,38400,10700,NA,NA,"S 01E","x_s01e.htm","Purse Seine","Prince Wm Snd"
1991,215500,70000,26500,NA,NA,"S 01E","x_s01e.htm","Purse Seine","Prince Wm Snd"
1990,273333,NA,NA,NA,NA,"S 01E","x_s01e.htm","Purse Seine","Prince Wm Snd"
1989,236333,NA,NA,NA,NA,"S 01E","x_s01e.htm","Purse Seine","Prince Wm Snd"
1988,145972,NA,NA,NA,NA,"S 01E","x_s01e.htm","Purse Seine","Prince Wm Snd"
1987,93500,NA,NA,NA,NA,"S 01E","x_s01e.htm","Purse Seine","Prince Wm Snd"
1986,98841,NA,NA,NA,NA,"S 01E","x_s01e.htm","Purse Seine","Prince Wm Snd"
1985,109625,NA,NA,NA,NA,"S 01E","x_s01e.htm","Purse Seine","Prince Wm Snd"
1984,131695,NA,NA,NA,NA,"S 01E","x_s01e.htm","Purse Seine","Prince Wm Snd"
1983,143186,NA,NA,NA,NA,"S 01E","x_s01e.htm","Purse Seine","Prince Wm Snd"
1982,97578,NA,NA,NA,NA,"S 01E","x_s01e.htm","Purse Seine","Prince Wm Snd"
2016,68300,24500,11250,"2014-12","2016-08","S 01H","x_s01h.htm","Purse Seine","Cook Inlet"
2015,84800,22500,9700,"2014-03","2015-10","S 01H","x_s01h.htm","Purse Seine","Cook Inlet"
2014,86000,22500,9200,"2013-12","2014-12","S 01H","x_s01h.htm","Purse Seine","Cook Inlet"
2013,71000,22000,9750,"2013-01","2013-12","S 01H","x_s01h.htm","Purse Seine","Cook Inlet"
2012,54400,58000,25100,"2011-11","2012-06","S 01H","x_s01h.htm","Purse Seine","Cook Inlet"
2011,31300,18000,7700,"2011-01","2011-11","S 01H","x_s01h.htm","Purse Seine","Cook Inlet"
2010,18800,6000,2750,"2008-09","2010-11","S 01H","x_s01h.htm","Purse Seine","Cook Inlet"
2009,16900,5500,2300,"2008-08","2009-11","S 01H","x_s01h.htm","Purse Seine","Cook Inlet"
2008,15300,4000,1550,"2008-04","2008-09","S 01H","x_s01h.htm","Purse Seine","Cook Inlet"
2007,14100,3000,1400,"2007-02","2007-09","S 01H","x_s01h.htm","Purse Seine","Cook Inlet"
2006,12700,6000,2750,"2005-05","2006-06","S 01H","x_s01h.htm","Purse Seine","Cook Inlet"
2005,11600,5000,2000,"2005-02","2005-11","S 01H","x_s01h.htm","Purse Seine","Cook Inlet"
2004,9600,1500,750,"2003-06","2004-11","S 01H","x_s01h.htm","Purse Seine","Cook Inlet"
2003,10800,7000,3000,NA,"2003-06","S 01H","x_s01h.htm","Purse Seine","Cook Inlet"
2002,11500,7000,3100,NA,"2002-06","S 01H","x_s01h.htm","Purse Seine","Cook Inlet"
2001,15800,8000,3600,NA,NA,"S 01H","x_s01h.htm","Purse Seine","Cook Inlet"
2000,15800,8000,3600,NA,NA,"S 01H","x_s01h.htm","Purse Seine","Cook Inlet"
1999,17200,8000,4300,NA,NA,"S 01H","x_s01h.htm","Purse Seine","Cook Inlet"
1998,24100,14400,6900,NA,NA,"S 01H","x_s01h.htm","Purse Seine","Cook Inlet"
1997,32000,35000,14200,NA,NA,"S 01H","x_s01h.htm","Purse Seine","Cook Inlet"
1996,37400,25000,11950,NA,NA,"S 01H","x_s01h.htm","Purse Seine","Cook Inlet"
1995,90800,22000,52600,NA,NA,"S 01H","x_s01h.htm","Purse Seine","Cook Inlet"
1994,34500,24000,52450,NA,NA,"S 01H","x_s01h.htm","Purse Seine","Cook Inlet"
1993,34500,24000,52450,NA,NA,"S 01H","x_s01h.htm","Purse Seine","Cook Inlet"
1992,34500,24000,52450,NA,NA,"S 01H","x_s01h.htm","Purse Seine","Cook Inlet"
1991,63000,85000,39400,NA,NA,"S 01H","x_s01h.htm","Purse Seine","Cook Inlet"
1990,86667,NA,NA,NA,NA,"S 01H","x_s01h.htm","Purse Seine","Cook Inlet"
1989,90000,NA,NA,NA,NA,"S 01H","x_s01h.htm","Purse Seine","Cook Inlet"
1988,66089,NA,NA,NA,NA,"S 01H","x_s01h.htm","Purse Seine","Cook Inlet"
1987,60455,NA,NA,NA,NA,"S 01H","x_s01h.htm","Purse Seine","Cook Inlet"
1986,60000,NA,NA,NA,NA,"S 01H","x_s01h.htm","Purse Seine","Cook Inlet"
1985,58375,NA,NA,NA,NA,"S 01H","x_s01h.htm","Purse Seine","Cook Inlet"
1984,NA,NA,NA,NA,NA,"S 01H","x_s01h.htm","Purse Seine","Cook Inlet"
1983,90000,NA,NA,NA,NA,"S 01H","x_s01h.htm","Purse Seine","Cook Inlet"
1982,84267,NA,NA,NA,NA,"S 01H","x_s01h.htm","Purse Seine","Cook Inlet"
2016,38300,8000,3600,"2015-05","2016-06","S 01K","x_s01k.htm","Purse Seine","Kodiak"
2015,40000,2000,900,"2015-01","2015-06","S 01K","x_s01k.htm","Purse Seine","Kodiak"
2014,50600,15500,3650,"2014-01","2014-10","S 01K","x_s01k.htm","Purse Seine","Kodiak"
2013,40600,18000,5000,"2013-01","2013-12","S 01K","x_s01k.htm","Purse Seine","Kodiak"
2012,41700,20000,5400,"2012-02","2012-10","S 01K","x_s01k.htm","Purse Seine","Kodiak"
2011,44000,35000,6400,"2011-01","2011-11","S 01K","x_s01k.htm","Purse Seine","Kodiak"
2010,27700,8000,2100,"2010-01","2010-11","S 01K","x_s01k.htm","Purse Seine","Kodiak"
2009,26000,5000,1100,"2009-01","2009-12","S 01K","x_s01k.htm","Purse Seine","Kodiak"
2008,24200,7000,1400,"2008-01","2008-12","S 01K","x_s01k.htm","Purse Seine","Kodiak"
2007,21300,11000,3050,"2007-02","2007-11","S 01K","x_s01k.htm","Purse Seine","Kodiak"
2006,18000,6000,1800,"2006-02","2006-11","S 01K","x_s01k.htm","Purse Seine","Kodiak"
2005,14300,15000,3650,"2005-01","2005-11","S 01K","x_s01k.htm","Purse Seine","Kodiak"
2004,10200,4000,1150,"2004-01","2004-12","S 01K","x_s01k.htm","Purse Seine","Kodiak"
2003,8600,10000,3100,"2003-01","2003-12","S 01K","x_s01k.htm","Purse Seine","Kodiak"
2002,9900,11500,3600,"2002-03","2002-11","S 01K","x_s01k.htm","Purse Seine","Kodiak"
2001,17100,5000,2550,NA,"2001-05","S 01K","x_s01k.htm","Purse Seine","Kodiak"
2000,20400,15000,3800,NA,NA,"S 01K","x_s01k.htm","Purse Seine","Kodiak"
1999,29800,17500,4500,NA,NA,"S 01K","x_s01k.htm","Purse Seine","Kodiak"
1998,33000,23500,6450,NA,NA,"S 01K","x_s01k.htm","Purse Seine","Kodiak"
1997,41700,18000,5950,NA,NA,"S 01K","x_s01k.htm","Purse Seine","Kodiak"
1996,46900,25000,6250,NA,NA,"S 01K","x_s01k.htm","Purse Seine","Kodiak"
1995,50400,40000,8300,NA,NA,"S 01K","x_s01k.htm","Purse Seine","Kodiak"
1994,45000,27100,7800,NA,NA,"S 01K","x_s01k.htm","Purse Seine","Kodiak"
1993,60900,25000,7800,NA,NA,"S 01K","x_s01k.htm","Purse Seine","Kodiak"
1992,69900,40000,8500,NA,NA,"S 01K","x_s01k.htm","Purse Seine","Kodiak"
1991,22800,45000,3550,NA,NA,"S 01K","x_s01k.htm","Purse Seine","Kodiak"
1990,48563,NA,NA,NA,NA,"S 01K","x_s01k.htm","Purse Seine","Kodiak"
1989,39289,NA,NA,NA,NA,"S 01K","x_s01k.htm","Purse Seine","Kodiak"
1988,66734,NA,NA,NA,NA,"S 01K","x_s01k.htm","Purse Seine","Kodiak"
1987,43385,NA,NA,NA,NA,"S 01K","x_s01k.htm","Purse Seine","Kodiak"
1986,37036,NA,NA,NA,NA,"S 01K","x_s01k.htm","Purse Seine","Kodiak"
1985,46337,NA,NA,NA,NA,"S 01K","x_s01k.htm","Purse Seine","Kodiak"
1982,39817,NA,NA,NA,NA,"S 01K","x_s01k.htm","Purse Seine","Kodiak"
2016,167200,120000,55450,"2015-02","2016-06","S 01L","x_s01l.htm","Purse Seine","Chignik"
2015,227500,35000,14450,"2014-04","2015-02","S 01L","x_s01l.htm","Purse Seine","Chignik"
2014,211300,50000,22500,"2014-04","2014-06","S 01L","x_s01l.htm","Purse Seine","Chignik"
2013,186300,55000,26250,"2013-04","2013-08","S 01L","x_s01l.htm","Purse Seine","Chignik"
2012,97600,5000,2750,"2011-04","2012-06","S 01L","x_s01l.htm","Purse Seine","Chignik"
2011,95100,10000,4100,"2011-01","2011-06","S 01L","x_s01l.htm","Purse Seine","Chignik"
2010,78400,35000,11150,"2010-05","2010-09","S 01L","x_s01l.htm","Purse Seine","Chignik"
2009,70800,17000,8100,"2009-04","2009-08","S 01L","x_s01l.htm","Purse Seine","Chignik"
2008,91300,45000,22500,"2007-06","2008-08","S 01L","x_s01l.htm","Purse Seine","Chignik"
2007,131500,25000,12350,"2006-02","2007-06","S 01L","x_s01l.htm","Purse Seine","Chignik"
2006,146500,60000,28150,"2005-12","2006-05","S 01L","x_s01l.htm","Purse Seine","Chignik"
2005,159600,62000,26200,"2005-02","2005-12","S 01L","x_s01l.htm","Purse Seine","Chignik"
2004,182000,11000,4950,"2003-06","2004-10","S 01L","x_s01l.htm","Purse Seine","Chignik"
2003,179500,21000,9800,"2003-02","2003-10","S 01L","x_s01l.htm","Purse Seine","Chignik"
2002,186600,90000,37500,NA,"2002-04","S 01L","x_s01l.htm","Purse Seine","Chignik"
2001,185800,90000,43250,NA,"2001-05","S 01L","x_s01l.htm","Purse Seine","Chignik"
2000,200000,100000,46900,NA,NA,"S 01L","x_s01l.htm","Purse Seine","Chignik"
1999,158800,105000,48700,NA,NA,"S 01L","x_s01l.htm","Purse Seine","Chignik"
1998,185500,27000,12800,NA,NA,"S 01L","x_s01l.htm","Purse Seine","Chignik"
1997,188300,30000,11500,NA,NA,"S 01L","x_s01l.htm","Purse Seine","Chignik"
1996,194500,10000,5250,NA,NA,"S 01L","x_s01l.htm","Purse Seine","Chignik"
1995,228300,30000,11250,NA,NA,"S 01L","x_s01l.htm","Purse Seine","Chignik"
1994,238300,125000,58650,NA,NA,"S 01L","x_s01l.htm","Purse Seine","Chignik"
1993,349800,196800,87800,NA,NA,"S 01L","x_s01l.htm","Purse Seine","Chignik"
1992,403100,25000,11450,NA,NA,"S 01L","x_s01l.htm","Purse Seine","Chignik"
1991,409400,140000,58450,NA,NA,"S 01L","x_s01l.htm","Purse Seine","Chignik"
1990,416667,NA,NA,NA,NA,"S 01L","x_s01l.htm","Purse Seine","Chignik"
1989,371667,NA,NA,NA,NA,"S 01L","x_s01l.htm","Purse Seine","Chignik"
1988,360000,NA,NA,NA,NA,"S 01L","x_s01l.htm","Purse Seine","Chignik"
1987,315667,NA,NA,NA,NA,"S 01L","x_s01l.htm","Purse Seine","Chignik"
1986,NA,NA,NA,NA,NA,"S 01L","x_s01l.htm","Purse Seine","Chignik"
1985,321233,NA,NA,NA,NA,"S 01L","x_s01l.htm","Purse Seine","Chignik"
1984,322500,NA,NA,NA,NA,"S 01L","x_s01l.htm","Purse Seine","Chignik"
1982,NA,NA,NA,NA,NA,"S 01L","x_s01l.htm","Purse Seine","Chignik"
2016,57400,14500,6250,"2016-03","2016-09","S 01M","x_s01m.htm","Purse Seine","Pen. Aleut."
2015,56900,20000,8500,"2014-04","2015-05","S 01M","x_s01m.htm","Purse Seine","Pen. Aleut."
2014,65900,17500,7150,"2013-08","2014-04","S 01M","x_s01m.htm","Purse Seine","Pen. Aleut."
2013,67800,15000,6350,"2012-10","2013-08","S 01M","x_s01m.htm","Purse Seine","Pen. Aleut."
2012,65500,15000,6700,"2012-02","2012-12","S 01M","x_s01m.htm","Purse Seine","Pen. Aleut."
2011,55800,8000,2950,"2011-04","2011-10","S 01M","x_s01m.htm","Purse Seine","Pen. Aleut."
2010,62900,25000,8100,"2010-02","2010-12","S 01M","x_s01m.htm","Purse Seine","Pen. Aleut."
2009,73800,5000,2500,"2009-01","2009-06","S 01M","x_s01m.htm","Purse Seine","Pen. Aleut."
2008,53900,30000,10300,"2008-01","2008-12","S 01M","x_s01m.htm","Purse Seine","Pen. Aleut."
2007,33200,18500,6350,"2007-03","2007-12","S 01M","x_s01m.htm","Purse Seine","Pen. Aleut."
2006,31000,18000,8050,"2005-04","2006-07","S 01M","x_s01m.htm","Purse Seine","Pen. Aleut."
2005,24000,17000,7550,"2004-06","2005-04","S 01M","x_s01m.htm","Purse Seine","Pen. Aleut."
2004,17300,6000,2850,"2004-05","2004-10","S 01M","x_s01m.htm","Purse Seine","Pen. Aleut."
2003,14600,2000,900,"2003-01","2003-10","S 01M","x_s01m.htm","Purse Seine","Pen. Aleut."
2002,39600,57000,23400,NA,"2002-01","S 01M","x_s01m.htm","Purse Seine","Pen. Aleut."
2001,48800,25000,13150,NA,"2001-04","S 01M","x_s01m.htm","Purse Seine","Pen. Aleut."
2000,48800,30000,14350,NA,NA,"S 01M","x_s01m.htm","Purse Seine","Pen. Aleut."
1999,74300,18000,52250,NA,NA,"S 01M","x_s01m.htm","Purse Seine","Pen. Aleut."
1998,66000,27500,13300,NA,NA,"S 01M","x_s01m.htm","Purse Seine","Pen. Aleut."
1997,66000,27500,13300,NA,NA,"S 01M","x_s01m.htm","Purse Seine","Pen. Aleut."
1996,66000,27500,13300,NA,NA,"S 01M","x_s01m.htm","Purse Seine","Pen. Aleut."
1995,82800,50000,20700,NA,NA,"S 01M","x_s01m.htm","Purse Seine","Pen. Aleut."
1994,93400,60000,27050,NA,NA,"S 01M","x_s01m.htm","Purse Seine","Pen. Aleut."
1993,97500,40000,17100,NA,NA,"S 01M","x_s01m.htm","Purse Seine","Pen. Aleut."
1992,91700,68700,23850,NA,NA,"S 01M","x_s01m.htm","Purse Seine","Pen. Aleut."
1991,32500,70000,33050,NA,NA,"S 01M","x_s01m.htm","Purse Seine","Pen. Aleut."
1990,26667,NA,NA,NA,NA,"S 01M","x_s01m.htm","Purse Seine","Pen. Aleut."
1989,14500,NA,NA,NA,NA,"S 01M","x_s01m.htm","Purse Seine","Pen. Aleut."
1988,82833,NA,NA,NA,NA,"S 01M","x_s01m.htm","Purse Seine","Pen. Aleut."
1987,76667,NA,NA,NA,NA,"S 01M","x_s01m.htm","Purse Seine","Pen. Aleut."
1986,36250,NA,NA,NA,NA,"S 01M","x_s01m.htm","Purse Seine","Pen. Aleut."
1985,NA,NA,NA,NA,NA,"S 01M","x_s01m.htm","Purse Seine","Pen. Aleut."
1984,43333,NA,NA,NA,NA,"S 01M","x_s01m.htm","Purse Seine","Pen. Aleut."
1983,NA,NA,NA,NA,NA,"S 01M","x_s01m.htm","Purse Seine","Pen. Aleut."
1982,NA,NA,NA,NA,NA,"S 01M","x_s01m.htm","Purse Seine","Pen. Aleut."
2016,4900,3000,1300,"2013-09","2016-09","S 02K","x_s02k.htm","Beach Seine","Kodiak"
2015,4500,3000,1300,"2012-06","2014-03","S 02K","x_s02k.htm","Beach Seine","Kodiak"
2014,4500,3000,1300,"2012-06","2014-03","S 02K","x_s02k.htm","Beach Seine","Kodiak"
2013,6800,7000,3750,"2011-02","2013-09","S 02K","x_s02k.htm","Beach Seine","Kodiak"
2012,7500,6000,3000,"2011-02","2012-06","S 02K","x_s02k.htm","Beach Seine","Kodiak"
2011,7000,6000,2850,"2011-01","2011-05","S 02K","x_s02k.htm","Beach Seine","Kodiak"
2010,3500,1000,400,"2006-05","2009-10","S 02K","x_s02k.htm","Beach Seine","Kodiak"
2009,3500,1000,400,"2006-05","2009-10","S 02K","x_s02k.htm","Beach Seine","Kodiak"
2008,3500,1000,400,"2005-10","2008-04","S 02K","x_s02k.htm","Beach Seine","Kodiak"
2007,6100,0,4900,NA,"2007-06","S 02K","x_s02k.htm","Beach Seine","Kodiak"
2006,500,7500,8400,NA,"2006-05","S 02K","x_s02k.htm","Beach Seine","Kodiak"
2005,4100,7000,7400,NA,"2005-10","S 02K","x_s02k.htm","Beach Seine","Kodiak"
2004,6400,8000,3800,NA,NA,"S 02K","x_s02k.htm","Beach Seine","Kodiak"
2003,6400,8000,3800,NA,NA,"S 02K","x_s02k.htm","Beach Seine","Kodiak"
2002,6400,8000,3800,NA,NA,"S 02K","x_s02k.htm","Beach Seine","Kodiak"
2001,6400,8000,3800,NA,NA,"S 02K","x_s02k.htm","Beach Seine","Kodiak"
2000,6400,8000,3800,NA,NA,"S 02K","x_s02k.htm","Beach Seine","Kodiak"
1999,6400,8000,3800,NA,NA,"S 02K","x_s02k.htm","Beach Seine","Kodiak"
1998,6400,8000,3800,NA,NA,"S 02K","x_s02k.htm","Beach Seine","Kodiak"
1997,6400,8000,3800,NA,NA,"S 02K","x_s02k.htm","Beach Seine","Kodiak"
1996,6400,8000,3800,NA,NA,"S 02K","x_s02k.htm","Beach Seine","Kodiak"
1995,8000,8000,3550,NA,NA,"S 02K","x_s02k.htm","Beach Seine","Kodiak"
1994,300,7000,7150,NA,NA,"S 02K","x_s02k.htm","Beach Seine","Kodiak"
1993,9000,0,7650,NA,NA,"S 02K","x_s02k.htm","Beach Seine","Kodiak"
1992,9000,0,7650,NA,NA,"S 02K","x_s02k.htm","Beach Seine","Kodiak"
1991,1000,2000,5000,NA,NA,"S 02K","x_s02k.htm","Beach Seine","Kodiak"
1990,6000,NA,NA,NA,NA,"S 02K","x_s02k.htm","Beach Seine","Kodiak"
1989,4833,NA,NA,NA,NA,"S 02K","x_s02k.htm","Beach Seine","Kodiak"
1988,8400,NA,NA,NA,NA,"S 02K","x_s02k.htm","Beach Seine","Kodiak"
1987,5096,NA,NA,NA,NA,"S 02K","x_s02k.htm","Beach Seine","Kodiak"
1986,NA,NA,NA,NA,NA,"S 02K","x_s02k.htm","Beach Seine","Kodiak"
1985,NA,NA,NA,NA,NA,"S 02K","x_s02k.htm","Beach Seine","Kodiak"
1984,NA,NA,NA,NA,NA,"S 02K","x_s02k.htm","Beach Seine","Kodiak"
1983,0,NA,NA,NA,NA,"S 02K","x_s02k.htm","Beach Seine","Kodiak"
1982,NA,NA,NA,NA,NA,"S 02K","x_s02k.htm","Beach Seine","Kodiak"
2016,84400,13000,4000,"2016-02","2016-12","S 03A","x_s03a.htm","Drift Net","Southeast"
2015,88900,18000,5750,"2015-01","2015-12","S 03A","x_s03a.htm","Drift Net","Southeast"
2014,94900,20000,6500,"2014-01","2014-12","S 03A","x_s03a.htm","Drift Net","Southeast"
2013,113200,34000,8550,"2013-01","2013-12","S 03A","x_s03a.htm","Drift Net","Southeast"
2012,94600,35000,9500,"2012-01","2012-12","S 03A","x_s03a.htm","Drift Net","Southeast"
2011,80100,45000,10700,"2011-01","2011-12","S 03A","x_s03a.htm","Drift Net","Southeast"
2010,57400,25000,6500,"2010-01","2010-12","S 03A","x_s03a.htm","Drift Net","Southeast"
2009,53900,10000,2700,"2009-02","2009-12","S 03A","x_s03a.htm","Drift Net","Southeast"
2008,54400,11000,3400,"2008-02","2008-12","S 03A","x_s03a.htm","Drift Net","Southeast"
2007,55900,32000,8100,"2007-01","2007-12","S 03A","x_s03a.htm","Drift Net","Southeast"
2006,38900,20000,3850,"2006-02","2006-12","S 03A","x_s03a.htm","Drift Net","Southeast"
2005,29500,12000,3700,"2005-02","2005-12","S 03A","x_s03a.htm","Drift Net","Southeast"
2004,21800,14500,3400,"2004-01","2004-12","S 03A","x_s03a.htm","Drift Net","Southeast"
2003,21100,11000,2450,"2003-02","2003-11","S 03A","x_s03a.htm","Drift Net","Southeast"
2002,27900,22000,6400,"2002-01","2002-12","S 03A","x_s03a.htm","Drift Net","Southeast"
2001,41300,18000,4800,"2001-01","2001-06","S 03A","x_s03a.htm","Drift Net","Southeast"
2000,33000,26000,4300,NA,NA,"S 03A","x_s03a.htm","Drift Net","Southeast"
1999,33900,7600,2200,NA,NA,"S 03A","x_s03a.htm","Drift Net","Southeast"
1998,35400,10000,2550,NA,NA,"S 03A","x_s03a.htm","Drift Net","Southeast"
1997,50600,20000,4850,NA,NA,"S 03A","x_s03a.htm","Drift Net","Southeast"
1996,59400,18000,5250,NA,NA,"S 03A","x_s03a.htm","Drift Net","Southeast"
1995,70800,25000,6200,NA,NA,"S 03A","x_s03a.htm","Drift Net","Southeast"
1994,62900,25000,5300,NA,NA,"S 03A","x_s03a.htm","Drift Net","Southeast"
1993,82200,17000,4700,NA,NA,"S 03A","x_s03a.htm","Drift Net","Southeast"
1992,75500,30000,10400,NA,NA,"S 03A","x_s03a.htm","Drift Net","Southeast"
1991,82800,36000,9200,NA,NA,"S 03A","x_s03a.htm","Drift Net","Southeast"
1990,106500,NA,NA,NA,NA,"S 03A","x_s03a.htm","Drift Net","Southeast"
1989,128667,NA,NA,NA,NA,"S 03A","x_s03a.htm","Drift Net","Southeast"
1988,77621,NA,NA,NA,NA,"S 03A","x_s03a.htm","Drift Net","Southeast"
1987,55632,NA,NA,NA,NA,"S 03A","x_s03a.htm","Drift Net","Southeast"
1986,44849,NA,NA,NA,NA,"S 03A","x_s03a.htm","Drift Net","Southeast"
1985,36245,NA,NA,NA,NA,"S 03A","x_s03a.htm","Drift Net","Southeast"
1984,34615,NA,NA,NA,NA,"S 03A","x_s03a.htm","Drift Net","Southeast"
1983,34653,NA,NA,NA,NA,"S 03A","x_s03a.htm","Drift Net","Southeast"
1982,38650,NA,NA,NA,NA,"S 03A","x_s03a.htm","Drift Net","Southeast"
2016,155400,60000,21000,"2016-01","2016-12","S 03E","x_s03e.htm","Drift Net","Prince Wm Snd"
2015,224200,20000,7900,"2015-01","2015-06","S 03E","x_s03e.htm","Drift Net","Prince Wm Snd"
2014,224100,40000,13550,"2014-01","2014-11","S 03E","x_s03e.htm","Drift Net","Prince Wm Snd"
2013,195200,34500,8500,"2013-01","2013-12","S 03E","x_s03e.htm","Drift Net","Prince Wm Snd"
2012,180200,22000,7000,"2012-02","2012-12","S 03E","x_s03e.htm","Drift Net","Prince Wm Snd"
2011,162100,50000,9250,"2011-01","2011-12","S 03E","x_s03e.htm","Drift Net","Prince Wm Snd"
2010,128100,80000,21300,"2010-01","2010-12","S 03E","x_s03e.htm","Drift Net","Prince Wm Snd"
2009,110900,39600,7750,"2009-01","2009-12","S 03E","x_s03e.htm","Drift Net","Prince Wm Snd"
2008,90300,65000,12050,"2008-01","2008-12","S 03E","x_s03e.htm","Drift Net","Prince Wm Snd"
2007,52000,10000,2350,"2007-01","2007-10","S 03E","x_s03e.htm","Drift Net","Prince Wm Snd"
2006,51600,16000,3500,"2006-02","2006-12","S 03E","x_s03e.htm","Drift Net","Prince Wm Snd"
2005,48300,20000,4750,"2005-01","2005-11","S 03E","x_s03e.htm","Drift Net","Prince Wm Snd"
2004,40400,16000,3250,"2004-01","2004-12","S 03E","x_s03e.htm","Drift Net","Prince Wm Snd"
2003,35900,10000,2450,"2003-01","2003-12","S 03E","x_s03e.htm","Drift Net","Prince Wm Snd"
2002,41000,23500,5900,"2002-03","2002-12","S 03E","x_s03e.htm","Drift Net","Prince Wm Snd"
2001,57500,15000,3600,"2001-01","2001-09","S 03E","x_s03e.htm","Drift Net","Prince Wm Snd"
2000,59300,20000,4400,NA,NA,"S 03E","x_s03e.htm","Drift Net","Prince Wm Snd"
1999,55200,30000,7600,NA,NA,"S 03E","x_s03e.htm","Drift Net","Prince Wm Snd"
1998,69300,40000,7500,NA,NA,"S 03E","x_s03e.htm","Drift Net","Prince Wm Snd"
1997,67900,35000,7950,NA,NA,"S 03E","x_s03e.htm","Drift Net","Prince Wm Snd"
1996,60600,50000,9450,NA,NA,"S 03E","x_s03e.htm","Drift Net","Prince Wm Snd"
1995,69000,82500,14900,NA,NA,"S 03E","x_s03e.htm","Drift Net","Prince Wm Snd"
1994,65800,55000,12700,NA,NA,"S 03E","x_s03e.htm","Drift Net","Prince Wm Snd"
1993,99300,32500,8450,NA,NA,"S 03E","x_s03e.htm","Drift Net","Prince Wm Snd"
1992,98100,95000,17350,NA,NA,"S 03E","x_s03e.htm","Drift Net","Prince Wm Snd"
1991,127300,60000,20900,NA,NA,"S 03E","x_s03e.htm","Drift Net","Prince Wm Snd"
1990,159797,NA,NA,NA,NA,"S 03E","x_s03e.htm","Drift Net","Prince Wm Snd"
1989,141115,NA,NA,NA,NA,"S 03E","x_s03e.htm","Drift Net","Prince Wm Snd"
1988,75884,NA,NA,NA,NA,"S 03E","x_s03e.htm","Drift Net","Prince Wm Snd"
1987,62365,NA,NA,NA,NA,"S 03E","x_s03e.htm","Drift Net","Prince Wm Snd"
1986,61606,NA,NA,NA,NA,"S 03E","x_s03e.htm","Drift Net","Prince Wm Snd"
1985,55991,NA,NA,NA,NA,"S 03E","x_s03e.htm","Drift Net","Prince Wm Snd"
1984,53544,NA,NA,NA,NA,"S 03E","x_s03e.htm","Drift Net","Prince Wm Snd"
1983,61760,NA,NA,NA,NA,"S 03E","x_s03e.htm","Drift Net","Prince Wm Snd"
1982,46337,NA,NA,NA,NA,"S 03E","x_s03e.htm","Drift Net","Prince Wm Snd"
2016,52500,15000,4150,"2016-01","2016-12","S 03H","x_s03h.htm","Drift Net","Cook Inlet"
2015,63500,35000,9750,"2015-01","2015-12","S 03H","x_s03h.htm","Drift Net","Cook Inlet"
2014,74400,28500,6350,"2014-03","2014-12","S 03H","x_s03h.htm","Drift Net","Cook Inlet"
2013,83100,27000,7200,"2013-01","2013-12","S 03H","x_s03h.htm","Drift Net","Cook Inlet"
2012,76400,21000,5200,"2012-01","2012-11","S 03H","x_s03h.htm","Drift Net","Cook Inlet"
2011,51700,26600,6250,"2011-01","2011-12","S 03H","x_s03h.htm","Drift Net","Cook Inlet"
2010,31700,35000,8850,"2010-01","2010-12","S 03H","x_s03h.htm","Drift Net","Cook Inlet"
2009,27600,4000,1000,"2009-01","2009-12","S 03H","x_s03h.htm","Drift Net","Cook Inlet"
2008,35200,12000,3400,"2008-02","2008-12","S 03H","x_s03h.htm","Drift Net","Cook Inlet"
2007,29200,10000,2400,"2007-02","2007-12","S 03H","x_s03h.htm","Drift Net","Cook Inlet"
2006,28800,13000,3750,"2006-03","2006-11","S 03H","x_s03h.htm","Drift Net","Cook Inlet"
2005,39300,25000,6650,"2005-01","2005-12","S 03H","x_s03h.htm","Drift Net","Cook Inlet"
2004,20300,20000,4150,"2004-01","2004-12","S 03H","x_s03h.htm","Drift Net","Cook Inlet"
2003,15700,15000,3600,"2003-01","2003-07","S 03H","x_s03h.htm","Drift Net","Cook Inlet"
2002,11700,12000,3550,"2002-04","2002-11","S 03H","x_s03h.htm","Drift Net","Cook Inlet"
2001,22300,18500,5150,"2001-01","2001-12","S 03H","x_s03h.htm","Drift Net","Cook Inlet"
2000,32300,16000,3600,NA,NA,"S 03H","x_s03h.htm","Drift Net","Cook Inlet"
1999,25200,15000,2950,NA,NA,"S 03H","x_s03h.htm","Drift Net","Cook Inlet"
1998,42000,30000,9050,NA,NA,"S 03H","x_s03h.htm","Drift Net","Cook Inlet"
1997,75800,42500,11850,NA,NA,"S 03H","x_s03h.htm","Drift Net","Cook Inlet"
1996,75100,22000,6550,NA,NA,"S 03H","x_s03h.htm","Drift Net","Cook Inlet"
1995,85500,55000,17000,NA,NA,"S 03H","x_s03h.htm","Drift Net","Cook Inlet"
1994,65000,20000,4350,NA,NA,"S 03H","x_s03h.htm","Drift Net","Cook Inlet"
1993,89800,37000,9650,NA,NA,"S 03H","x_s03h.htm","Drift Net","Cook Inlet"
1992,88800,27000,5150,NA,NA,"S 03H","x_s03h.htm","Drift Net","Cook Inlet"
1991,77500,10000,25800,NA,NA,"S 03H","x_s03h.htm","Drift Net","Cook Inlet"
1990,2058,NA,NA,NA,NA,"S 03H","x_s03h.htm","Drift Net","Cook Inlet"
1989,76844,NA,NA,NA,NA,"S 03H","x_s03h.htm","Drift Net","Cook Inlet"
1988,38725,NA,NA,NA,NA,"S 03H","x_s03h.htm","Drift Net","Cook Inlet"
1987,86944,NA,NA,NA,NA,"S 03H","x_s03h.htm","Drift Net","Cook Inlet"
1986,64962,NA,NA,NA,NA,"S 03H","x_s03h.htm","Drift Net","Cook Inlet"
1985,62605,NA,NA,NA,NA,"S 03H","x_s03h.htm","Drift Net","Cook Inlet"
1984,67962,NA,NA,NA,NA,"S 03H","x_s03h.htm","Drift Net","Cook Inlet"
1983,69919,NA,NA,NA,NA,"S 03H","x_s03h.htm","Drift Net","Cook Inlet"
1982,58176,NA,NA,NA,NA,"S 03H","x_s03h.htm","Drift Net","Cook Inlet"
2016,103900,24500,10650,"2016-01","2016-06","S 03M","x_s03m.htm","Drift Net","Pen. Aleut."
2015,119500,42000,18400,"2014-05","2015-01","S 03M","x_s03m.htm","Drift Net","Pen. Aleut."
2014,98000,45000,13450,"2014-02","2014-07","S 03M","x_s03m.htm","Drift Net","Pen. Aleut."
2013,81800,31300,10700,"2013-01","2013-12","S 03M","x_s03m.htm","Drift Net","Pen. Aleut."
2012,112400,60000,26300,"2011-05","2012-12","S 03M","x_s03m.htm","Drift Net","Pen. Aleut."
2011,127800,52500,16800,"2011-01","2011-05","S 03M","x_s03m.htm","Drift Net","Pen. Aleut."
2010,108100,30000,7200,"2010-01","2010-08","S 03M","x_s03m.htm","Drift Net","Pen. Aleut."
2009,98000,45000,16950,"2009-01","2009-12","S 03M","x_s03m.htm","Drift Net","Pen. Aleut."
2008,97900,30000,12850,"2008-01","2008-11","S 03M","x_s03m.htm","Drift Net","Pen. Aleut."
2007,74700,50000,14600,"2007-01","2007-10","S 03M","x_s03m.htm","Drift Net","Pen. Aleut."
2006,73100,40000,12250,"2006-02","2006-05","S 03M","x_s03m.htm","Drift Net","Pen. Aleut."
2005,47400,26500,6700,"2005-02","2005-12","S 03M","x_s03m.htm","Drift Net","Pen. Aleut."
2004,28000,15000,6150,"2004-03","2004-11","S 03M","x_s03m.htm","Drift Net","Pen. Aleut."
2003,23100,11000,2700,"2003-02","2003-12","S 03M","x_s03m.htm","Drift Net","Pen. Aleut."
2002,24800,9000,2950,"2002-04","2002-12","S 03M","x_s03m.htm","Drift Net","Pen. Aleut."
2001,123000,20000,8350,NA,"2001-06","S 03M","x_s03m.htm","Drift Net","Pen. Aleut."
2000,146400,75600,36200,NA,NA,"S 03M","x_s03m.htm","Drift Net","Pen. Aleut."
1999,154400,75600,34050,NA,NA,"S 03M","x_s03m.htm","Drift Net","Pen. Aleut."
1998,228800,30000,59750,NA,NA,"S 03M","x_s03m.htm","Drift Net","Pen. Aleut."
1997,285000,15000,54000,NA,NA,"S 03M","x_s03m.htm","Drift Net","Pen. Aleut."
1996,309400,75000,23950,NA,NA,"S 03M","x_s03m.htm","Drift Net","Pen. Aleut."
1995,305200,21000,8750,NA,NA,"S 03M","x_s03m.htm","Drift Net","Pen. Aleut."
1994,329800,70000,33250,NA,NA,"S 03M","x_s03m.htm","Drift Net","Pen. Aleut."
1993,389900,100,30700,NA,NA,"S 03M","x_s03m.htm","Drift Net","Pen. Aleut."
1992,319300,70000,27300,NA,NA,"S 03M","x_s03m.htm","Drift Net","Pen. Aleut."
1991,357000,8000,41000,NA,NA,"S 03M","x_s03m.htm","Drift Net","Pen. Aleut."
1990,355962,NA,NA,NA,NA,"S 03M","x_s03m.htm","Drift Net","Pen. Aleut."
1989,344000,NA,NA,NA,NA,"S 03M","x_s03m.htm","Drift Net","Pen. Aleut."
1988,235000,NA,NA,NA,NA,"S 03M","x_s03m.htm","Drift Net","Pen. Aleut."
1987,215429,NA,NA,NA,NA,"S 03M","x_s03m.htm","Drift Net","Pen. Aleut."
1986,197000,NA,NA,NA,NA,"S 03M","x_s03m.htm","Drift Net","Pen. Aleut."
1985,175176,NA,NA,NA,NA,"S 03M","x_s03m.htm","Drift Net","Pen. Aleut."
1984,186429,NA,NA,NA,NA,"S 03M","x_s03m.htm","Drift Net","Pen. Aleut."
1983,157700,NA,NA,NA,NA,"S 03M","x_s03m.htm","Drift Net","Pen. Aleut."
1982,128833,NA,NA,NA,NA,"S 03M","x_s03m.htm","Drift Net","Pen. Aleut."
2016,109300,46000,13200,"2016-01","2016-12","S 03T","x_s03t.htm","Drift Net","Bristol Bay"
2015,148200,70000,22200,"2015-01","2015-12","S 03T","x_s03t.htm","Drift Net","Bristol Bay"
2014,149500,65000,11150,"2014-01","2014-12","S 03T","x_s03t.htm","Drift Net","Bristol Bay"
2013,100400,55000,13950,"2013-01","2013-12","S 03T","x_s03t.htm","Drift Net","Bristol Bay"
2012,110800,50000,12350,"2012-01","2012-12","S 03T","x_s03t.htm","Drift Net","Bristol Bay"
2011,143900,65000,15600,"2011-01","2011-12","S 03T","x_s03t.htm","Drift Net","Bristol Bay"
2010,102100,60000,15350,"2010-01","2010-12","S 03T","x_s03t.htm","Drift Net","Bristol Bay"
2009,78300,45000,6500,"2009-01","2009-12","S 03T","x_s03t.htm","Drift Net","Bristol Bay"
2008,89800,50000,5550,"2008-01","2008-12","S 03T","x_s03t.htm","Drift Net","Bristol Bay"
2007,79400,30000,5000,"2007-01","2007-12","S 03T","x_s03t.htm","Drift Net","Bristol Bay"
2006,75000,42000,5850,"2006-01","2006-12","S 03T","x_s03t.htm","Drift Net","Bristol Bay"
2005,51200,47000,9250,"2005-01","2005-12","S 03T","x_s03t.htm","Drift Net","Bristol Bay"
2004,37000,20000,4400,"2004-01","2004-12","S 03T","x_s03t.htm","Drift Net","Bristol Bay"
2003,29300,27000,4550,"2003-01","2003-12","S 03T","x_s03t.htm","Drift Net","Bristol Bay"
2002,19700,15000,3000,"2002-01","2002-12","S 03T","x_s03t.htm","Drift Net","Bristol Bay"
2001,34700,70000,11250,"2001-01","2001-12","S 03T","x_s03t.htm","Drift Net","Bristol Bay"
2000,80500,70000,15100,NA,NA,"S 03T","x_s03t.htm","Drift Net","Bristol Bay"
1999,89700,70000,10100,NA,NA,"S 03T","x_s03t.htm","Drift Net","Bristol Bay"
1998,99500,95000,14800,NA,NA,"S 03T","x_s03t.htm","Drift Net","Bristol Bay"
1997,153800,80000,23850,NA,NA,"S 03T","x_s03t.htm","Drift Net","Bristol Bay"
1996,171800,71000,11950,NA,NA,"S 03T","x_s03t.htm","Drift Net","Bristol Bay"
1995,195000,25000,22900,NA,NA,"S 03T","x_s03t.htm","Drift Net","Bristol Bay"
1994,165700,65000,19850,NA,NA,"S 03T","x_s03t.htm","Drift Net","Bristol Bay"
1993,199600,0,20500,NA,NA,"S 03T","x_s03t.htm","Drift Net","Bristol Bay"
1992,193000,25000,29000,NA,NA,"S 03T","x_s03t.htm","Drift Net","Bristol Bay"
1991,207800,15500,26150,NA,NA,"S 03T","x_s03t.htm","Drift Net","Bristol Bay"
1990,216033,NA,NA,NA,NA,"S 03T","x_s03t.htm","Drift Net","Bristol Bay"
1989,248802,NA,NA,NA,NA,"S 03T","x_s03t.htm","Drift Net","Bristol Bay"
1988,173406,NA,NA,NA,NA,"S 03T","x_s03t.htm","Drift Net","Bristol Bay"
1987,130137,NA,NA,NA,NA,"S 03T","x_s03t.htm","Drift Net","Bristol Bay"
1986,124605,NA,NA,NA,NA,"S 03T","x_s03t.htm","Drift Net","Bristol Bay"
1985,117983,NA,NA,NA,NA,"S 03T","x_s03t.htm","Drift Net","Bristol Bay"
1984,116905,NA,NA,NA,NA,"S 03T","x_s03t.htm","Drift Net","Bristol Bay"
1983,98923,NA,NA,NA,NA,"S 03T","x_s03t.htm","Drift Net","Bristol Bay"
1982,95936,NA,NA,NA,NA,"S 03T","x_s03t.htm","Drift Net","Bristol Bay"
2016,16600,9000,4400,"2015-12","2016-10","S 04D","x_s04d.htm","Set Net","Yakutat"
2015,18700,1500,650,"2015-05","2015-12","S 04D","x_s04d.htm","Set Net","Yakutat"
2014,17800,10000,3550,"2014-04","2014-12","S 04D","x_s04d.htm","Set Net","Yakutat"
2013,19900,500,250,"2012-10","2013-10","S 04D","x_s04d.htm","Set Net","Yakutat"
2012,19800,1000,500,"2012-05","2012-11","S 04D","x_s04d.htm","Set Net","Yakutat"
2011,17800,5000,1800,"2011-06","2011-12","S 04D","x_s04d.htm","Set Net","Yakutat"
2010,17400,4000,1650,"2010-05","2010-10","S 04D","x_s04d.htm","Set Net","Yakutat"
2009,17900,7500,3600,"2009-01","2009-06","S 04D","x_s04d.htm","Set Net","Yakutat"
2008,20300,6500,2150,"2008-01","2008-12","S 04D","x_s04d.htm","Set Net","Yakutat"
2007,16600,4500,1400,"2007-01","2007-11","S 04D","x_s04d.htm","Set Net","Yakutat"
2006,13100,5000,1900,"2006-03","2006-11","S 04D","x_s04d.htm","Set Net","Yakutat"
2005,12800,5000,1600,"2005-01","2005-12","S 04D","x_s04d.htm","Set Net","Yakutat"
2004,10800,5700,1800,"2004-01","2004-12","S 04D","x_s04d.htm","Set Net","Yakutat"
2003,9600,9000,3400,"2003-06","2003-12","S 04D","x_s04d.htm","Set Net","Yakutat"
2002,23600,8400,4450,"2001-06","2002-06","S 04D","x_s04d.htm","Set Net","Yakutat"
2001,27400,15400,6300,"2001-01","2001-06","S 04D","x_s04d.htm","Set Net","Yakutat"
2000,28100,20000,8500,NA,NA,"S 04D","x_s04d.htm","Set Net","Yakutat"
1999,31300,20000,8550,NA,NA,"S 04D","x_s04d.htm","Set Net","Yakutat"
1998,30900,18000,7100,NA,NA,"S 04D","x_s04d.htm","Set Net","Yakutat"
1997,34900,8000,3000,NA,NA,"S 04D","x_s04d.htm","Set Net","Yakutat"
1996,43400,20000,7800,NA,NA,"S 04D","x_s04d.htm","Set Net","Yakutat"
1995,49600,20000,7150,NA,NA,"S 04D","x_s04d.htm","Set Net","Yakutat"
1994,42500,20000,9550,NA,NA,"S 04D","x_s04d.htm","Set Net","Yakutat"
1993,46900,98500,4950,NA,NA,"S 04D","x_s04d.htm","Set Net","Yakutat"
1992,40000,15000,7050,NA,NA,"S 04D","x_s04d.htm","Set Net","Yakutat"
1991,44100,18000,7850,NA,NA,"S 04D","x_s04d.htm","Set Net","Yakutat"
1990,39455,NA,NA,NA,NA,"S 04D","x_s04d.htm","Set Net","Yakutat"
1989,33200,NA,NA,NA,NA,"S 04D","x_s04d.htm","Set Net","Yakutat"
1988,29734,NA,NA,NA,NA,"S 04D","x_s04d.htm","Set Net","Yakutat"
1987,27200,NA,NA,NA,NA,"S 04D","x_s04d.htm","Set Net","Yakutat"
1986,26857,NA,NA,NA,NA,"S 04D","x_s04d.htm","Set Net","Yakutat"
1985,25862,NA,NA,NA,NA,"S 04D","x_s04d.htm","Set Net","Yakutat"
1984,23750,NA,NA,NA,NA,"S 04D","x_s04d.htm","Set Net","Yakutat"
1983,27250,NA,NA,NA,NA,"S 04D","x_s04d.htm","Set Net","Yakutat"
1982,32792,NA,NA,NA,NA,"S 04D","x_s04d.htm","Set Net","Yakutat"
2016,190800,285000,121350,"2012-05","2014-05","S 04E","x_s04e.htm","Set Net","Prince Wm Snd"
2015,190800,285000,121350,"2012-05","2014-05","S 04E","x_s04e.htm","Set Net","Prince Wm Snd"
2014,190800,285000,121350,"2012-05","2014-05","S 04E","x_s04e.htm","Set Net","Prince Wm Snd"
2013,119300,145100,69450,"2010-04","2013-10","S 04E","x_s04e.htm","Set Net","Prince Wm Snd"
2012,61000,10000,4550,"2008-06","2012-05","S 04E","x_s04e.htm","Set Net","Prince Wm Snd"
2011,59800,9000,3700,"2006-01","2010-04","S 04E","x_s04e.htm","Set Net","Prince Wm Snd"
2010,59800,9000,3700,"2006-01","2010-04","S 04E","x_s04e.htm","Set Net","Prince Wm Snd"
2009,59500,7800,3250,"2005-10","2009-02","S 04E","x_s04e.htm","Set Net","Prince Wm Snd"
2008,59500,7800,3250,"2004-11","2008-06","S 04E","x_s04e.htm","Set Net","Prince Wm Snd"
2007,61500,3000,1700,"2004-06","2006-01","S 04E","x_s04e.htm","Set Net","Prince Wm Snd"
2006,61500,3000,1700,"2004-06","2006-01","S 04E","x_s04e.htm","Set Net","Prince Wm Snd"
2005,62700,5000,2050,"2004-05","2005-10","S 04E","x_s04e.htm","Set Net","Prince Wm Snd"
2004,62800,5000,2050,"2003-06","2004-11","S 04E","x_s04e.htm","Set Net","Prince Wm Snd"
2003,59900,16200,6050,"2001-05","2003-06","S 04E","x_s04e.htm","Set Net","Prince Wm Snd"
2002,59200,16200,6700,"2001-05","2002-11","S 04E","x_s04e.htm","Set Net","Prince Wm Snd"
2001,60300,11200,4550,NA,"2001-05","S 04E","x_s04e.htm","Set Net","Prince Wm Snd"
2000,60500,18200,7450,NA,NA,"S 04E","x_s04e.htm","Set Net","Prince Wm Snd"
1999,51000,20000,10250,NA,NA,"S 04E","x_s04e.htm","Set Net","Prince Wm Snd"
1998,51000,20000,10250,NA,NA,"S 04E","x_s04e.htm","Set Net","Prince Wm Snd"
1997,50000,20000,11550,NA,NA,"S 04E","x_s04e.htm","Set Net","Prince Wm Snd"
1996,59000,40000,18850,NA,NA,"S 04E","x_s04e.htm","Set Net","Prince Wm Snd"
1995,63000,50000,19850,NA,NA,"S 04E","x_s04e.htm","Set Net","Prince Wm Snd"
1994,75000,70000,33150,NA,NA,"S 04E","x_s04e.htm","Set Net","Prince Wm Snd"
1993,95000,20000,10000,NA,NA,"S 04E","x_s04e.htm","Set Net","Prince Wm Snd"
1992,95000,20000,10000,NA,NA,"S 04E","x_s04e.htm","Set Net","Prince Wm Snd"
1991,90000,20000,11550,NA,NA,"S 04E","x_s04e.htm","Set Net","Prince Wm Snd"
1990,86667,NA,NA,NA,NA,"S 04E","x_s04e.htm","Set Net","Prince Wm Snd"
1989,64167,NA,NA,NA,NA,"S 04E","x_s04e.htm","Set Net","Prince Wm Snd"
1988,49833,NA,NA,NA,NA,"S 04E","x_s04e.htm","Set Net","Prince Wm Snd"
1987,29625,NA,NA,NA,NA,"S 04E","x_s04e.htm","Set Net","Prince Wm Snd"
1986,NA,NA,NA,NA,NA,"S 04E","x_s04e.htm","Set Net","Prince Wm Snd"
1985,32375,NA,NA,NA,NA,"S 04E","x_s04e.htm","Set Net","Prince Wm Snd"
1984,31250,NA,NA,NA,NA,"S 04E","x_s04e.htm","Set Net","Prince Wm Snd"
1983,24167,NA,NA,NA,NA,"S 04E","x_s04e.htm","Set Net","Prince Wm Snd"
1982,19400,NA,NA,NA,NA,"S 04E","x_s04e.htm","Set Net","Prince Wm Snd"
2016,15300,1800,700,"2016-02","2016-11","S 04H","x_s04h.htm","Set Net","Cook Inlet"
2015,15300,3100,1300,"2014-12","2015-12","S 04H","x_s04h.htm","Set Net","Cook Inlet"
2014,14800,2500,800,"2014-04","2014-12","S 04H","x_s04h.htm","Set Net","Cook Inlet"
2013,14100,6500,1950,"2013-02","2013-12","S 04H","x_s04h.htm","Set Net","Cook Inlet"
2012,16300,6000,1550,"2012-01","2012-12","S 04H","x_s04h.htm","Set Net","Cook Inlet"
2011,14500,9000,1600,"2011-01","2011-12","S 04H","x_s04h.htm","Set Net","Cook Inlet"
2010,12600,13000,2450,"2010-01","2010-11","S 04H","x_s04h.htm","Set Net","Cook Inlet"
2009,12900,7000,2150,"2009-02","2009-12","S 04H","x_s04h.htm","Set Net","Cook Inlet"
2008,13800,5000,1500,"2008-01","2008-11","S 04H","x_s04h.htm","Set Net","Cook Inlet"
2007,14000,4000,1300,"2007-01","2007-12","S 04H","x_s04h.htm","Set Net","Cook Inlet"
2006,12500,7000,2300,"2006-01","2006-09","S 04H","x_s04h.htm","Set Net","Cook Inlet"
2005,10000,9000,1900,"2005-01","2005-12","S 04H","x_s04h.htm","Set Net","Cook Inlet"
2004,7600,8000,1750,"2004-01","2004-12","S 04H","x_s04h.htm","Set Net","Cook Inlet"
2003,8600,10000,2500,"2003-02","2003-10","S 04H","x_s04h.htm","Set Net","Cook Inlet"
2002,8000,5000,1400,"2002-03","2002-07","S 04H","x_s04h.htm","Set Net","Cook Inlet"
2001,10600,6500,1650,"2001-03","2001-12","S 04H","x_s04h.htm","Set Net","Cook Inlet"
2000,12200,5000,2200,NA,NA,"S 04H","x_s04h.htm","Set Net","Cook Inlet"
1999,13200,22500,4900,NA,NA,"S 04H","x_s04h.htm","Set Net","Cook Inlet"
1998,20600,15000,4050,NA,NA,"S 04H","x_s04h.htm","Set Net","Cook Inlet"
1997,24700,27000,6350,NA,NA,"S 04H","x_s04h.htm","Set Net","Cook Inlet"
1996,37100,54000,7650,NA,NA,"S 04H","x_s04h.htm","Set Net","Cook Inlet"
1995,30300,50500,9850,NA,NA,"S 04H","x_s04h.htm","Set Net","Cook Inlet"
1994,28400,35000,9750,NA,NA,"S 04H","x_s04h.htm","Set Net","Cook Inlet"
1993,35500,21000,5200,NA,NA,"S 04H","x_s04h.htm","Set Net","Cook Inlet"
1992,43000,54600,2200,NA,NA,"S 04H","x_s04h.htm","Set Net","Cook Inlet"
1991,71900,70000,9350,NA,NA,"S 04H","x_s04h.htm","Set Net","Cook Inlet"
1990,98514,NA,NA,NA,NA,"S 04H","x_s04h.htm","Set Net","Cook Inlet"
1989,61511,NA,NA,NA,NA,"S 04H","x_s04h.htm","Set Net","Cook Inlet"
1988,43766,NA,NA,NA,NA,"S 04H","x_s04h.htm","Set Net","Cook Inlet"
1987,26837,NA,NA,NA,NA,"S 04H","x_s04h.htm","Set Net","Cook Inlet"
1986,18191,NA,NA,NA,NA,"S 04H","x_s04h.htm","Set Net","Cook Inlet"
1985,16312,NA,NA,NA,NA,"S 04H","x_s04h.htm","Set Net","Cook Inlet"
1984,17881,NA,NA,NA,NA,"S 04H","x_s04h.htm","Set Net","Cook Inlet"
1983,18340,NA,NA,NA,NA,"S 04H","x_s04h.htm","Set Net","Cook Inlet"
1982,17200,NA,NA,NA,NA,"S 04H","x_s04h.htm","Set Net","Cook Inlet"
2016,77500,5000,2900,"2014-02","2014-12","S 04K","x_s04k.htm","Set Net","Kodiak"
2015,77500,5000,2900,"2014-02","2014-12","S 04K","x_s04k.htm","Set Net","Kodiak"
2014,77500,5000,2900,"2014-02","2014-12","S 04K","x_s04k.htm","Set Net","Kodiak"
2013,80000,9000,3750,"2012-05","2013-11","S 04K","x_s04k.htm","Set Net","Kodiak"
2012,77200,10000,3900,"2012-02","2012-05","S 04K","x_s04k.htm","Set Net","Kodiak"
2011,74700,10000,3450,"2011-05","2011-12","S 04K","x_s04k.htm","Set Net","Kodiak"
2010,70700,15000,6050,"2010-02","2010-11","S 04K","x_s04k.htm","Set Net","Kodiak"
2009,60400,12000,4400,"2009-01","2009-10","S 04K","x_s04k.htm","Set Net","Kodiak"
2008,59600,34500,350,"2008-03","2008-10","S 04K","x_s04k.htm","Set Net","Kodiak"
2007,46900,5000,2250,"2006-12","2007-05","S 04K","x_s04k.htm","Set Net","Kodiak"
2006,45400,15000,6200,"2006-03","2006-12","S 04K","x_s04k.htm","Set Net","Kodiak"
2005,37800,11300,5250,"2005-03","2005-10","S 04K","x_s04k.htm","Set Net","Kodiak"
2004,44400,10000,4250,"2004-03","2004-12","S 04K","x_s04k.htm","Set Net","Kodiak"
2003,39500,16000,6800,"2003-01","2003-07","S 04K","x_s04k.htm","Set Net","Kodiak"
2002,56800,45000,8850,"2002-05","2002-12","S 04K","x_s04k.htm","Set Net","Kodiak"
2001,1800,70000,6400,NA,"2001-06","S 04K","x_s04k.htm","Set Net","Kodiak"
2000,7800,53000,9650,NA,NA,"S 04K","x_s04k.htm","Set Net","Kodiak"
1999,91700,75000,2350,NA,NA,"S 04K","x_s04k.htm","Set Net","Kodiak"
1998,87000,95000,50,NA,NA,"S 04K","x_s04k.htm","Set Net","Kodiak"
1997,3000,28000,1400,NA,NA,"S 04K","x_s04k.htm","Set Net","Kodiak"
1996,96600,25000,1800,NA,NA,"S 04K","x_s04k.htm","Set Net","Kodiak"
1995,92600,500,5050,NA,NA,"S 04K","x_s04k.htm","Set Net","Kodiak"
1994,98000,17400,6450,NA,NA,"S 04K","x_s04k.htm","Set Net","Kodiak"
1993,11900,35000,2350,NA,NA,"S 04K","x_s04k.htm","Set Net","Kodiak"
1992,9700,60000,9850,NA,NA,"S 04K","x_s04k.htm","Set Net","Kodiak"
1991,6300,35000,4950,NA,NA,"S 04K","x_s04k.htm","Set Net","Kodiak"
1990,7500,NA,NA,NA,NA,"S 04K","x_s04k.htm","Set Net","Kodiak"
1989,88063,NA,NA,NA,NA,"S 04K","x_s04k.htm","Set Net","Kodiak"
1988,78942,NA,NA,NA,NA,"S 04K","x_s04k.htm","Set Net","Kodiak"
1987,60122,NA,NA,NA,NA,"S 04K","x_s04k.htm","Set Net","Kodiak"
1986,61792,NA,NA,NA,NA,"S 04K","x_s04k.htm","Set Net","Kodiak"
1985,56357,NA,NA,NA,NA,"S 04K","x_s04k.htm","Set Net","Kodiak"
1984,57200,NA,NA,NA,NA,"S 04K","x_s04k.htm","Set Net","Kodiak"
1983,76525,NA,NA,NA,NA,"S 04K","x_s04k.htm","Set Net","Kodiak"
2016,56500,5000,2400,"2015-06","2016-11","S 04M","x_s04m.htm","Set Net","Pen. Aleut."
2015,55600,7500,3150,"2013-07","2015-12","S 04M","x_s04m.htm","Set Net","Pen. Aleut."
2014,55600,7500,3150,"2012-06","2013-07","S 04M","x_s04m.htm","Set Net","Pen. Aleut."
2013,55600,7500,3150,"2012-06","2013-07","S 04M","x_s04m.htm","Set Net","Pen. Aleut."
2012,55000,NA,NA,"2011-12","2012-06","S 04M","x_s04m.htm","Set Net","Pen. Aleut."
2011,54000,10000,4200,"2011-01","2011-12","S 04M","x_s04m.htm","Set Net","Pen. Aleut."
2010,49600,15000,5550,"2010-04","2010-11","S 04M","x_s04m.htm","Set Net","Pen. Aleut."
2009,51300,15000,7500,"2008-06","2009-12","S 04M","x_s04m.htm","Set Net","Pen. Aleut."
2008,51300,15000,7500,"2008-03","2008-12","S 04M","x_s04m.htm","Set Net","Pen. Aleut."
2007,57400,15000,6150,"2006-05","2007-06","S 04M","x_s04m.htm","Set Net","Pen. Aleut."
2006,56800,11000,4500,"2006-03","2006-10","S 04M","x_s04m.htm","Set Net","Pen. Aleut."
2005,50500,20000,8550,"2005-03","2005-12","S 04M","x_s04m.htm","Set Net","Pen. Aleut."
2004,38100,18500,8100,"2003-11","2004-09","S 04M","x_s04m.htm","Set Net","Pen. Aleut."
2003,50500,35000,5400,"2003-05","2003-11","S 04M","x_s04m.htm","Set Net","Pen. Aleut."
2002,62600,62500,7500,"2002-01","2002-11","S 04M","x_s04m.htm","Set Net","Pen. Aleut."
2001,73300,50000,2800,NA,"2001-05","S 04M","x_s04m.htm","Set Net","Pen. Aleut."
2000,88900,8600,4100,NA,NA,"S 04M","x_s04m.htm","Set Net","Pen. Aleut."
1999,86300,30000,6000,NA,NA,"S 04M","x_s04m.htm","Set Net","Pen. Aleut."
1998,78800,20000,8550,NA,NA,"S 04M","x_s04m.htm","Set Net","Pen. Aleut."
1997,97200,50000,4600,NA,NA,"S 04M","x_s04m.htm","Set Net","Pen. Aleut."
1996,6300,15000,7500,NA,NA,"S 04M","x_s04m.htm","Set Net","Pen. Aleut."
1995,9300,40000,2150,NA,NA,"S 04M","x_s04m.htm","Set Net","Pen. Aleut."
1994,7900,51500,6750,NA,NA,"S 04M","x_s04m.htm","Set Net","Pen. Aleut."
1993,29400,75000,4300,NA,NA,"S 04M","x_s04m.htm","Set Net","Pen. Aleut."
1992,1400,40000,4350,NA,NA,"S 04M","x_s04m.htm","Set Net","Pen. Aleut."
1991,30000,75000,150,NA,NA,"S 04M","x_s04m.htm","Set Net","Pen. Aleut."
1990,21667,NA,NA,NA,NA,"S 04M","x_s04m.htm","Set Net","Pen. Aleut."
1989,79156,NA,NA,NA,NA,"S 04M","x_s04m.htm","Set Net","Pen. Aleut."
1988,85542,NA,NA,NA,NA,"S 04M","x_s04m.htm","Set Net","Pen. Aleut."
1987,62063,NA,NA,NA,NA,"S 04M","x_s04m.htm","Set Net","Pen. Aleut."
1986,56357,NA,NA,NA,NA,"S 04M","x_s04m.htm","Set Net","Pen. Aleut."
1985,50313,NA,NA,NA,NA,"S 04M","x_s04m.htm","Set Net","Pen. Aleut."
1984,50374,NA,NA,NA,NA,"S 04M","x_s04m.htm","Set Net","Pen. Aleut."
1983,55420,NA,NA,NA,NA,"S 04M","x_s04m.htm","Set Net","Pen. Aleut."
2016,3300,4500,1850,"2005-04","2011-11","S 04P","x_s04p.htm","Set Net","Upper Yukon"
2015,3300,4500,1850,"2005-04","2011-11","S 04P","x_s04p.htm","Set Net","Upper Yukon"
2014,3300,4500,1850,"2005-04","2011-11","S 04P","x_s04p.htm","Set Net","Upper Yukon"
2013,3300,4500,1850,"2005-04","2011-11","S 04P","x_s04p.htm","Set Net","Upper Yukon"
2012,3300,4500,1850,"2005-04","2011-11","S 04P","x_s04p.htm","Set Net","Upper Yukon"
2011,3300,4500,1850,"2005-04","2011-11","S 04P","x_s04p.htm","Set Net","Upper Yukon"
2010,3600,4500,2050,"2004-12","2007-06","S 04P","x_s04p.htm","Set Net","Upper Yukon"
2009,3600,4500,2050,"2004-12","2007-06","S 04P","x_s04p.htm","Set Net","Upper Yukon"
2008,3600,4500,2050,"2004-12","2007-06","S 04P","x_s04p.htm","Set Net","Upper Yukon"
2007,3600,4500,2050,"2004-12","2007-06","S 04P","x_s04p.htm","Set Net","Upper Yukon"
2006,4600,2500,1100,NA,"2006-07","S 04P","x_s04p.htm","Set Net","Upper Yukon"
2005,5900,3000,1450,NA,"2005-04","S 04P","x_s04p.htm","Set Net","Upper Yukon"
2004,6300,3000,1500,NA,"2004-12","S 04P","x_s04p.htm","Set Net","Upper Yukon"
2003,7500,5000,2100,NA,NA,"S 04P","x_s04p.htm","Set Net","Upper Yukon"
2002,7500,5000,2100,NA,NA,"S 04P","x_s04p.htm","Set Net","Upper Yukon"
2001,7500,5000,2100,NA,NA,"S 04P","x_s04p.htm","Set Net","Upper Yukon"
2000,7500,5000,2100,NA,NA,"S 04P","x_s04p.htm","Set Net","Upper Yukon"
1999,7500,5000,2100,NA,NA,"S 04P","x_s04p.htm","Set Net","Upper Yukon"
1998,9300,5000,2200,NA,NA,"S 04P","x_s04p.htm","Set Net","Upper Yukon"
1997,9300,5000,2200,NA,NA,"S 04P","x_s04p.htm","Set Net","Upper Yukon"
1996,9300,5000,2200,NA,NA,"S 04P","x_s04p.htm","Set Net","Upper Yukon"
1995,0,5000,2150,NA,NA,"S 04P","x_s04p.htm","Set Net","Upper Yukon"
1994,0,5000,2150,NA,NA,"S 04P","x_s04p.htm","Set Net","Upper Yukon"
1993,0,5000,2150,NA,NA,"S 04P","x_s04p.htm","Set Net","Upper Yukon"
1992,1300,2000,950,NA,NA,"S 04P","x_s04p.htm","Set Net","Upper Yukon"
1991,1300,2000,950,NA,NA,"S 04P","x_s04p.htm","Set Net","Upper Yukon"
1990,1250,NA,NA,NA,NA,"S 04P","x_s04p.htm","Set Net","Upper Yukon"
1989,9875,NA,NA,NA,NA,"S 04P","x_s04p.htm","Set Net","Upper Yukon"
1988,8733,NA,NA,NA,NA,"S 04P","x_s04p.htm","Set Net","Upper Yukon"
1987,9167,NA,NA,NA,NA,"S 04P","x_s04p.htm","Set Net","Upper Yukon"
1986,7667,NA,NA,NA,NA,"S 04P","x_s04p.htm","Set Net","Upper Yukon"
1985,NA,NA,NA,NA,NA,"S 04P","x_s04p.htm","Set Net","Upper Yukon"
1984,NA,NA,NA,NA,NA,"S 04P","x_s04p.htm","Set Net","Upper Yukon"
1982,8366,NA,NA,NA,NA,"S 04P","x_s04p.htm","Set Net","Upper Yukon"
2016,33700,15000,4000,"2016-03","2016-09","S 04T","x_s04t.htm","Set Net","Bristol Bay"
2015,38500,20000,4950,"2015-01","2015-10","S 04T","x_s04t.htm","Set Net","Bristol Bay"
2014,38600,7000,1950,"2014-01","2014-11","S 04T","x_s04t.htm","Set Net","Bristol Bay"
2013,39900,8000,2500,"2013-01","2013-11","S 04T","x_s04t.htm","Set Net","Bristol Bay"
2012,40300,10000,2500,"2012-01","2012-10","S 04T","x_s04t.htm","Set Net","Bristol Bay"
2011,35900,25000,4950,"2011-01","2011-12","S 04T","x_s04t.htm","Set Net","Bristol Bay"
2010,28700,16000,3000,"2010-01","2010-12","S 04T","x_s04t.htm","Set Net","Bristol Bay"
2009,28200,8000,2250,"2009-01","2009-12","S 04T","x_s04t.htm","Set Net","Bristol Bay"
2008,27400,10000,2600,"2008-01","2008-09","S 04T","x_s04t.htm","Set Net","Bristol Bay"
2007,24000,16000,3200,"2007-01","2007-12","S 04T","x_s04t.htm","Set Net","Bristol Bay"
2006,22400,17000,4200,"2006-02","2006-11","S 04T","x_s04t.htm","Set Net","Bristol Bay"
2005,15100,9500,2400,"2005-01","2005-12","S 04T","x_s04t.htm","Set Net","Bristol Bay"
2004,14300,15000,3100,"2004-02","2004-12","S 04T","x_s04t.htm","Set Net","Bristol Bay"
2003,12600,17000,3150,"2003-01","2003-12","S 04T","x_s04t.htm","Set Net","Bristol Bay"
2002,12100,15000,2950,"2002-01","2002-12","S 04T","x_s04t.htm","Set Net","Bristol Bay"
2001,25300,20000,5600,"2001-02","2001-12","S 04T","x_s04t.htm","Set Net","Bristol Bay"
2000,32400,15000,3450,NA,NA,"S 04T","x_s04t.htm","Set Net","Bristol Bay"
1999,31300,26000,5450,NA,NA,"S 04T","x_s04t.htm","Set Net","Bristol Bay"
1998,30400,15000,4000,NA,NA,"S 04T","x_s04t.htm","Set Net","Bristol Bay"
1997,39000,26500,6050,NA,NA,"S 04T","x_s04t.htm","Set Net","Bristol Bay"
1996,41100,35000,5700,NA,NA,"S 04T","x_s04t.htm","Set Net","Bristol Bay"
1995,42200,16000,4850,NA,NA,"S 04T","x_s04t.htm","Set Net","Bristol Bay"
1994,37800,30000,5450,NA,NA,"S 04T","x_s04t.htm","Set Net","Bristol Bay"
1993,49100,34500,6900,NA,NA,"S 04T","x_s04t.htm","Set Net","Bristol Bay"
1992,49800,25000,6250,NA,NA,"S 04T","x_s04t.htm","Set Net","Bristol Bay"
1991,59500,35000,9150,NA,NA,"S 04T","x_s04t.htm","Set Net","Bristol Bay"
1990,65179,NA,NA,NA,NA,"S 04T","x_s04t.htm","Set Net","Bristol Bay"
1989,61125,NA,NA,NA,NA,"S 04T","x_s04t.htm","Set Net","Bristol Bay"
1988,46508,NA,NA,NA,NA,"S 04T","x_s04t.htm","Set Net","Bristol Bay"
1987,35254,NA,NA,NA,NA,"S 04T","x_s04t.htm","Set Net","Bristol Bay"
1986,33054,NA,NA,NA,NA,"S 04T","x_s04t.htm","Set Net","Bristol Bay"
1985,35974,NA,NA,NA,NA,"S 04T","x_s04t.htm","Set Net","Bristol Bay"
1984,41533,NA,NA,NA,NA,"S 04T","x_s04t.htm","Set Net","Bristol Bay"
1983,41246,NA,NA,NA,NA,"S 04T","x_s04t.htm","Set Net","Bristol Bay"
1982,37394,NA,NA,NA,NA,"S 04T","x_s04t.htm","Set Net","Bristol Bay"
2016,7300,500,300,"2014-12","2015-03","S 04W","x_s04w.htm","Set Net","Kuskokim Goodnews"
2015,7300,500,300,"2014-12","2015-03","S 04W","x_s04w.htm","Set Net","Kuskokim Goodnews"
2014,8300,3000,1150,"2014-05","2014-12","S 04W","x_s04w.htm","Set Net","Kuskokim Goodnews"
2013,8700,3200,1550,"2013-02","2013-06","S 04W","x_s04w.htm","Set Net","Kuskokim Goodnews"
2012,7100,2500,1000,"2012-04","2012-10","S 04W","x_s04w.htm","Set Net","Kuskokim Goodnews"
2011,6900,3000,1150,"2011-07","2011-12","S 04W","x_s04w.htm","Set Net","Kuskokim Goodnews"
2010,6300,3500,1050,"2010-03","2010-11","S 04W","x_s04w.htm","Set Net","Kuskokim Goodnews"
2009,5800,1000,500,"2009-01","2009-10","S 04W","x_s04w.htm","Set Net","Kuskokim Goodnews"
2008,5900,2800,1000,"2008-01","2008-11","S 04W","x_s04w.htm","Set Net","Kuskokim Goodnews"
2007,7500,5000,2100,"2006-10","2007-06","S 04W","x_s04w.htm","Set Net","Kuskokim Goodnews"
2006,7000,5000,2450,"2006-02","2006-12","S 04W","x_s04w.htm","Set Net","Kuskokim Goodnews"
2005,5800,5000,2350,"2005-06","2005-11","S 04W","x_s04w.htm","Set Net","Kuskokim Goodnews"
2004,5900,6000,2650,"2001-06","2004-11","S 04W","x_s04w.htm","Set Net","Kuskokim Goodnews"
2003,5500,6000,2650,NA,"2003-09","S 04W","x_s04w.htm","Set Net","Kuskokim Goodnews"
2002,7000,3000,1400,NA,"2001-11","S 04W","x_s04w.htm","Set Net","Kuskokim Goodnews"
2001,7000,3000,1400,NA,"2001-11","S 04W","x_s04w.htm","Set Net","Kuskokim Goodnews"
2000,6500,7000,3100,NA,NA,"S 04W","x_s04w.htm","Set Net","Kuskokim Goodnews"
1999,6500,7000,4050,NA,NA,"S 04W","x_s04w.htm","Set Net","Kuskokim Goodnews"
1998,9000,2000,1150,NA,NA,"S 04W","x_s04w.htm","Set Net","Kuskokim Goodnews"
1997,0,2000,700,NA,NA,"S 04W","x_s04w.htm","Set Net","Kuskokim Goodnews"
1996,3900,4500,2250,NA,NA,"S 04W","x_s04w.htm","Set Net","Kuskokim Goodnews"
1995,2000,7000,1900,NA,NA,"S 04W","x_s04w.htm","Set Net","Kuskokim Goodnews"
1994,2500,1000,350,NA,NA,"S 04W","x_s04w.htm","Set Net","Kuskokim Goodnews"
1993,3100,5000,1800,NA,NA,"S 04W","x_s04w.htm","Set Net","Kuskokim Goodnews"
1992,2300,7000,2150,NA,NA,"S 04W","x_s04w.htm","Set Net","Kuskokim Goodnews"
1991,3400,5000,1900,NA,NA,"S 04W","x_s04w.htm","Set Net","Kuskokim Goodnews"
1990,2474,NA,NA,NA,NA,"S 04W","x_s04w.htm","Set Net","Kuskokim Goodnews"
1989,2050,NA,NA,NA,NA,"S 04W","x_s04w.htm","Set Net","Kuskokim Goodnews"
1988,9669,NA,NA,NA,NA,"S 04W","x_s04w.htm","Set Net","Kuskokim Goodnews"
1987,9889,NA,NA,NA,NA,"S 04W","x_s04w.htm","Set Net","Kuskokim Goodnews"
1986,133,NA,NA,NA,NA,"S 04W","x_s04w.htm","Set Net","Kuskokim Goodnews"
1985,43,NA,NA,NA,NA,"S 04W","x_s04w.htm","Set Net","Kuskokim Goodnews"
1984,9894,NA,NA,NA,NA,"S 04W","x_s04w.htm","Set Net","Kuskokim Goodnews"
1983,222,NA,NA,NA,NA,"S 04W","x_s04w.htm","Set Net","Kuskokim Goodnews"
1982,9722,NA,NA,NA,NA,"S 04W","x_s04w.htm","Set Net","Kuskokim Goodnews"
2016,5500,1000,600,"2015-01","2016-08","S 04X","x_s04x.htm","Set Net","Kotzebue"
2015,5400,1500,750,"2014-10","2015-01","S 04X","x_s04x.htm","Set Net","Kotzebue"
2014,5100,2500,1050,"2014-03","2014-11","S 04X","x_s04x.htm","Set Net","Kotzebue"
2013,4900,1500,650,"2011-10","2013-09","S 04X","x_s04x.htm","Set Net","Kotzebue"
2012,4600,1500,750,"2011-07","2012-05","S 04X","x_s04x.htm","Set Net","Kotzebue"
2011,4100,2500,950,"2011-06","2011-11","S 04X","x_s04x.htm","Set Net","Kotzebue"
2010,2800,4000,1650,"2009-05","2010-09","S 04X","x_s04x.htm","Set Net","Kotzebue"
2009,4300,4500,2200,"2009-01","2009-06","S 04X","x_s04x.htm","Set Net","Kotzebue"
2008,2500,900,350,"2001-07","2008-11","S 04X","x_s04x.htm","Set Net","Kotzebue"
2007,2500,900,350,NA,"2005-10","S 04X","x_s04x.htm","Set Net","Kotzebue"
2006,2500,900,350,NA,"2005-10","S 04X","x_s04x.htm","Set Net","Kotzebue"
2005,2500,900,350,NA,"2005-10","S 04X","x_s04x.htm","Set Net","Kotzebue"
2004,2000,1500,700,NA,"2001-07","S 04X","x_s04x.htm","Set Net","Kotzebue"
2003,2000,1500,700,NA,"2001-07","S 04X","x_s04x.htm","Set Net","Kotzebue"
2002,2000,1500,700,NA,"2001-07","S 04X","x_s04x.htm","Set Net","Kotzebue"
2001,2000,1500,700,NA,"2001-07","S 04X","x_s04x.htm","Set Net","Kotzebue"
2000,2000,2500,1200,NA,NA,"S 04X","x_s04x.htm","Set Net","Kotzebue"
1999,3300,2000,850,NA,NA,"S 04X","x_s04x.htm","Set Net","Kotzebue"
1998,4300,4500,1950,NA,NA,"S 04X","x_s04x.htm","Set Net","Kotzebue"
1997,4400,4500,1900,NA,NA,"S 04X","x_s04x.htm","Set Net","Kotzebue"
1996,4400,4500,1900,NA,NA,"S 04X","x_s04x.htm","Set Net","Kotzebue"
1995,4400,4500,1900,NA,NA,"S 04X","x_s04x.htm","Set Net","Kotzebue"
1994,9800,3000,5350,NA,NA,"S 04X","x_s04x.htm","Set Net","Kotzebue"
1993,1000,1000,5050,NA,NA,"S 04X","x_s04x.htm","Set Net","Kotzebue"
1992,500,1000,4800,NA,NA,"S 04X","x_s04x.htm","Set Net","Kotzebue"
1991,8000,7000,2550,NA,NA,"S 04X","x_s04x.htm","Set Net","Kotzebue"
1990,8250,NA,NA,NA,NA,"S 04X","x_s04x.htm","Set Net","Kotzebue"
1989,7667,NA,NA,NA,NA,"S 04X","x_s04x.htm","Set Net","Kotzebue"
1988,8156,NA,NA,NA,NA,"S 04X","x_s04x.htm","Set Net","Kotzebue"
1987,9500,NA,NA,NA,NA,"S 04X","x_s04x.htm","Set Net","Kotzebue"
1986,819,NA,NA,NA,NA,"S 04X","x_s04x.htm","Set Net","Kotzebue"
1985,475,NA,NA,NA,NA,"S 04X","x_s04x.htm","Set Net","Kotzebue"
1984,NA,NA,NA,NA,NA,"S 04X","x_s04x.htm","Set Net","Kotzebue"
1982,9591,NA,NA,NA,NA,"S 04X","x_s04x.htm","Set Net","Kotzebue"
2016,9800,3000,800,"2016-01","2016-12","S 04Y","x_s04y.htm","Set Net","Low Yuk CapeRom"
2015,9900,500,200,"2015-03","2015-12","S 04Y","x_s04y.htm","Set Net","Low Yuk CapeRom"
2014,8600,7000,2500,"2014-04","2014-10","S 04Y","x_s04y.htm","Set Net","Low Yuk CapeRom"
2013,11200,5500,1850,"2013-01","2013-10","S 04Y","x_s04y.htm","Set Net","Low Yuk CapeRom"
2012,9400,3800,1100,"2012-02","2012-11","S 04Y","x_s04y.htm","Set Net","Low Yuk CapeRom"
2011,9000,3000,1100,"2011-01","2011-12","S 04Y","x_s04y.htm","Set Net","Low Yuk CapeRom"
2010,9100,2000,850,"2009-06","2010-09","S 04Y","x_s04y.htm","Set Net","Low Yuk CapeRom"
2009,9100,2000,850,"2009-01","2009-08","S 04Y","x_s04y.htm","Set Net","Low Yuk CapeRom"
2008,8800,2000,800,"2008-03","2008-12","S 04Y","x_s04y.htm","Set Net","Low Yuk CapeRom"
2007,9900,500,200,"2007-01","2007-10","S 04Y","x_s04y.htm","Set Net","Low Yuk CapeRom"
2006,9100,5000,1350,"2006-02","2006-10","S 04Y","x_s04y.htm","Set Net","Low Yuk CapeRom"
2005,8400,1700,600,"2005-03","2005-12","S 04Y","x_s04y.htm","Set Net","Low Yuk CapeRom"
2004,8400,5000,3450,"2004-01","2004-11","S 04Y","x_s04y.htm","Set Net","Low Yuk CapeRom"
2003,11000,2000,4300,"2002-10","2003-06","S 04Y","x_s04y.htm","Set Net","Low Yuk CapeRom"
2002,12700,7000,3000,"2001-02","2002-10","S 04Y","x_s04y.htm","Set Net","Low Yuk CapeRom"
2001,11500,2000,950,NA,"2001-05","S 04Y","x_s04y.htm","Set Net","Low Yuk CapeRom"
2000,12100,5500,1650,NA,NA,"S 04Y","x_s04y.htm","Set Net","Low Yuk CapeRom"
1999,12200,5000,1750,NA,NA,"S 04Y","x_s04y.htm","Set Net","Low Yuk CapeRom"
1998,16000,4000,1350,NA,NA,"S 04Y","x_s04y.htm","Set Net","Low Yuk CapeRom"
1997,17500,6900,1950,NA,NA,"S 04Y","x_s04y.htm","Set Net","Low Yuk CapeRom"
1996,20500,2500,3650,NA,NA,"S 04Y","x_s04y.htm","Set Net","Low Yuk CapeRom"
1995,23000,7000,4850,NA,NA,"S 04Y","x_s04y.htm","Set Net","Low Yuk CapeRom"
1994,24500,5500,5550,NA,NA,"S 04Y","x_s04y.htm","Set Net","Low Yuk CapeRom"
1993,31400,7000,2600,NA,NA,"S 04Y","x_s04y.htm","Set Net","Low Yuk CapeRom"
1992,29300,200,3200,NA,NA,"S 04Y","x_s04y.htm","Set Net","Low Yuk CapeRom"
1991,24900,8000,4600,NA,NA,"S 04Y","x_s04y.htm","Set Net","Low Yuk CapeRom"
1990,26625,NA,NA,NA,NA,"S 04Y","x_s04y.htm","Set Net","Low Yuk CapeRom"
1989,25527,NA,NA,NA,NA,"S 04Y","x_s04y.htm","Set Net","Low Yuk CapeRom"
1988,20669,NA,NA,NA,NA,"S 04Y","x_s04y.htm","Set Net","Low Yuk CapeRom"
1987,22295,NA,NA,NA,NA,"S 04Y","x_s04y.htm","Set Net","Low Yuk CapeRom"
1986,22455,NA,NA,NA,NA,"S 04Y","x_s04y.htm","Set Net","Low Yuk CapeRom"
1985,22917,NA,NA,NA,NA,"S 04Y","x_s04y.htm","Set Net","Low Yuk CapeRom"
1984,28441,NA,NA,NA,NA,"S 04Y","x_s04y.htm","Set Net","Low Yuk CapeRom"
1982,18250,NA,NA,NA,NA,"S 04Y","x_s04y.htm","Set Net","Low Yuk CapeRom"
2016,12300,3500,1250,"2016-02","2016-12","S 04Z","x_s04z.htm","Set Net","Norton Sound"
2015,11100,2500,1050,"2014-09","2015-06","S 04Z","x_s04z.htm","Set Net","Norton Sound"
2014,10900,2000,850,"2014-06","2014-09","S 04Z","x_s04z.htm","Set Net","Norton Sound"
2013,10400,2500,1100,"2012-07","2013-07","S 04Z","x_s04z.htm","Set Net","Norton Sound"
2012,9400,3500,1200,"2012-02","2012-11","S 04Z","x_s04z.htm","Set Net","Norton Sound"
2011,8100,3900,1450,"2011-01","2011-12","S 04Z","x_s04z.htm","Set Net","Norton Sound"
2010,5600,1500,600,"2010-01","2010-11","S 04Z","x_s04z.htm","Set Net","Norton Sound"
2009,5300,3000,900,"2009-05","2009-11","S 04Z","x_s04z.htm","Set Net","Norton Sound"
2008,4600,2500,800,"2008-05","2008-10","S 04Z","x_s04z.htm","Set Net","Norton Sound"
2007,4100,5000,1400,"2007-02","2007-12","S 04Z","x_s04z.htm","Set Net","Norton Sound"
2006,4300,500,250,NA,"2006-07","S 04Z","x_s04z.htm","Set Net","Norton Sound"
2005,4400,500,250,NA,"2003-03","S 04Z","x_s04z.htm","Set Net","Norton Sound"
2004,4400,500,250,NA,"2003-03","S 04Z","x_s04z.htm","Set Net","Norton Sound"
2003,4400,500,250,NA,"2003-03","S 04Z","x_s04z.htm","Set Net","Norton Sound"
2002,4500,100,50,NA,NA,"S 04Z","x_s04z.htm","Set Net","Norton Sound"
2001,4500,100,50,NA,NA,"S 04Z","x_s04z.htm","Set Net","Norton Sound"
2000,4500,100,50,NA,NA,"S 04Z","x_s04z.htm","Set Net","Norton Sound"
1999,4600,1500,650,NA,NA,"S 04Z","x_s04z.htm","Set Net","Norton Sound"
1998,4900,1500,750,NA,NA,"S 04Z","x_s04z.htm","Set Net","Norton Sound"
1997,5200,1800,750,NA,NA,"S 04Z","x_s04z.htm","Set Net","Norton Sound"
1996,6800,2500,1200,NA,NA,"S 04Z","x_s04z.htm","Set Net","Norton Sound"
1995,7200,900,450,NA,NA,"S 04Z","x_s04z.htm","Set Net","Norton Sound"
1994,7800,2000,850,NA,NA,"S 04Z","x_s04z.htm","Set Net","Norton Sound"
1993,7000,2000,1150,NA,NA,"S 04Z","x_s04z.htm","Set Net","Norton Sound"
1992,8800,6000,2150,NA,NA,"S 04Z","x_s04z.htm","Set Net","Norton Sound"
1991,9200,4000,1650,NA,NA,"S 04Z","x_s04z.htm","Set Net","Norton Sound"
1990,11000,NA,NA,NA,NA,"S 04Z","x_s04z.htm","Set Net","Norton Sound"
1989,10083,NA,NA,NA,NA,"S 04Z","x_s04z.htm","Set Net","Norton Sound"
1988,10167,NA,NA,NA,NA,"S 04Z","x_s04z.htm","Set Net","Norton Sound"
1987,9750,NA,NA,NA,NA,"S 04Z","x_s04z.htm","Set Net","Norton Sound"
1986,10167,NA,NA,NA,NA,"S 04Z","x_s04z.htm","Set Net","Norton Sound"
1985,12167,NA,NA,NA,NA,"S 04Z","x_s04z.htm","Set Net","Norton Sound"
1984,13150,NA,NA,NA,NA,"S 04Z","x_s04z.htm","Set Net","Norton Sound"
1982,10100,NA,NA,NA,NA,"S 04Z","x_s04z.htm","Set Net","Norton Sound"
2016,10200,4000,850,"2016-01","2016-12","S 05B","x_s05b.htm","Hand Troll","Statewide"
2015,11000,2500,650,"2015-01","2015-12","S 05B","x_s05b.htm","Hand Troll","Statewide"
2014,10800,3000,700,"2014-01","2014-12","S 05B","x_s05b.htm","Hand Troll","Statewide"
2013,10300,3000,550,"2013-01","2013-12","S 05B","x_s05b.htm","Hand Troll","Statewide"
2012,10900,3000,700,"2012-01","2012-12","S 05B","x_s05b.htm","Hand Troll","Statewide"
2011,10400,6000,850,"2011-01","2011-12","S 05B","x_s05b.htm","Hand Troll","Statewide"
2010,9900,3000,600,"2010-01","2010-12","S 05B","x_s05b.htm","Hand Troll","Statewide"
2009,10500,3500,650,"2009-01","2009-12","S 05B","x_s05b.htm","Hand Troll","Statewide"
2008,9900,4500,850,"2008-01","2008-11","S 05B","x_s05b.htm","Hand Troll","Statewide"
2007,9500,5000,900,"2007-01","2007-12","S 05B","x_s05b.htm","Hand Troll","Statewide"
2006,8600,3000,850,"2006-01","2006-12","S 05B","x_s05b.htm","Hand Troll","Statewide"
2005,7200,4000,900,"2005-01","2005-12","S 05B","x_s05b.htm","Hand Troll","Statewide"
2004,4100,5000,950,"2004-01","2004-12","S 05B","x_s05b.htm","Hand Troll","Statewide"
2003,3500,2000,400,"2003-01","2003-12","S 05B","x_s05b.htm","Hand Troll","Statewide"
2002,3700,3500,600,"2002-01","2002-12","S 05B","x_s05b.htm","Hand Troll","Statewide"
2001,4100,1800,400,"2001-01","2001-12","S 05B","x_s05b.htm","Hand Troll","Statewide"
2000,4100,5000,650,NA,NA,"S 05B","x_s05b.htm","Hand Troll","Statewide"
1999,3900,2200,450,NA,NA,"S 05B","x_s05b.htm","Hand Troll","Statewide"
1998,4700,5000,750,NA,NA,"S 05B","x_s05b.htm","Hand Troll","Statewide"
1997,5500,4500,750,NA,NA,"S 05B","x_s05b.htm","Hand Troll","Statewide"
1996,5900,5000,900,NA,NA,"S 05B","x_s05b.htm","Hand Troll","Statewide"
1995,7500,3500,600,NA,NA,"S 05B","x_s05b.htm","Hand Troll","Statewide"
1994,7400,7000,900,NA,NA,"S 05B","x_s05b.htm","Hand Troll","Statewide"
1993,7700,3000,600,NA,NA,"S 05B","x_s05b.htm","Hand Troll","Statewide"
1992,8500,8000,1050,NA,NA,"S 05B","x_s05b.htm","Hand Troll","Statewide"
1991,8400,4500,750,NA,NA,"S 05B","x_s05b.htm","Hand Troll","Statewide"
1990,7684,NA,NA,NA,NA,"S 05B","x_s05b.htm","Hand Troll","Statewide"
1989,7423,NA,NA,NA,NA,"S 05B","x_s05b.htm","Hand Troll","Statewide"
1988,6503,NA,NA,NA,NA,"S 05B","x_s05b.htm","Hand Troll","Statewide"
1987,5620,NA,NA,NA,NA,"S 05B","x_s05b.htm","Hand Troll","Statewide"
1986,5297,NA,NA,NA,NA,"S 05B","x_s05b.htm","Hand Troll","Statewide"
1985,5109,NA,NA,NA,NA,"S 05B","x_s05b.htm","Hand Troll","Statewide"
1984,4732,NA,NA,NA,NA,"S 05B","x_s05b.htm","Hand Troll","Statewide"
1982,3828,NA,NA,NA,NA,"S 05B","x_s05b.htm","Hand Troll","Statewide"
2016,35000,5000,1000,"2016-01","2016-11","S 15B","x_s15b.htm","Power Troll","Statewide"
2015,38300,11000,2800,"2015-01","2015-12","S 15B","x_s15b.htm","Power Troll","Statewide"
2014,37000,13500,3100,"2014-01","2014-12","S 15B","x_s15b.htm","Power Troll","Statewide"
2013,32000,10000,1850,"2013-01","2013-12","S 15B","x_s15b.htm","Power Troll","Statewide"
2012,35300,12200,2700,"2012-01","2012-12","S 15B","x_s15b.htm","Power Troll","Statewide"
2011,32600,12500,3000,"2011-01","2011-12","S 15B","x_s15b.htm","Power Troll","Statewide"
2010,29000,10000,1750,"2010-01","2010-12","S 15B","x_s15b.htm","Power Troll","Statewide"
2009,34200,10000,2350,"2009-01","2009-12","S 15B","x_s15b.htm","Power Troll","Statewide"
2008,35200,10000,1500,"2008-01","2008-12","S 15B","x_s15b.htm","Power Troll","Statewide"
2007,36200,15000,2700,"2007-01","2007-12","S 15B","x_s15b.htm","Power Troll","Statewide"
2006,31500,8000,2250,"2006-01","2006-12","S 15B","x_s15b.htm","Power Troll","Statewide"
2005,27900,6000,1500,"2005-01","2005-12","S 15B","x_s15b.htm","Power Troll","Statewide"
2004,16400,17500,5350,"2004-01","2004-12","S 15B","x_s15b.htm","Power Troll","Statewide"
2003,12700,6000,1100,"2003-01","2003-12","S 15B","x_s15b.htm","Power Troll","Statewide"
2002,14000,9500,1700,"2002-01","2002-12","S 15B","x_s15b.htm","Power Troll","Statewide"
2001,13000,6000,1400,"2001-01","2001-12","S 15B","x_s15b.htm","Power Troll","Statewide"
2000,14600,5500,900,NA,NA,"S 15B","x_s15b.htm","Power Troll","Statewide"
1999,15000,8000,1200,NA,NA,"S 15B","x_s15b.htm","Power Troll","Statewide"
1998,17600,12000,1600,NA,NA,"S 15B","x_s15b.htm","Power Troll","Statewide"
1997,18100,6000,1050,NA,NA,"S 15B","x_s15b.htm","Power Troll","Statewide"
1996,20000,20000,4000,NA,NA,"S 15B","x_s15b.htm","Power Troll","Statewide"
1995,28300,15500,2150,NA,NA,"S 15B","x_s15b.htm","Power Troll","Statewide"
1994,28300,17000,3150,NA,NA,"S 15B","x_s15b.htm","Power Troll","Statewide"
1993,30700,10000,2000,NA,NA,"S 15B","x_s15b.htm","Power Troll","Statewide"
1992,34300,19000,3650,NA,NA,"S 15B","x_s15b.htm","Power Troll","Statewide"
1991,37300,13000,2500,NA,NA,"S 15B","x_s15b.htm","Power Troll","Statewide"
1990,33156,NA,NA,NA,NA,"S 15B","x_s15b.htm","Power Troll","Statewide"
1989,32758,NA,NA,NA,NA,"S 15B","x_s15b.htm","Power Troll","Statewide"
1988,29568,NA,NA,NA,NA,"S 15B","x_s15b.htm","Power Troll","Statewide"
1987,26625,NA,NA,NA,NA,"S 15B","x_s15b.htm","Power Troll","Statewide"
1986,25383,NA,NA,NA,NA,"S 15B","x_s15b.htm","Power Troll","Statewide"
1985,21530,NA,NA,NA,NA,"S 15B","x_s15b.htm","Power Troll","Statewide"
1984,19624,NA,NA,NA,NA,"S 15B","x_s15b.htm","Power Troll","Statewide"
1982,21630,NA,NA,NA,NA,"S 15B","x_s15b.htm","Power Troll","Statewide"
2016,4100,3000,1450,"2013-04","2015-05","S 08P","x_s08p.htm","Fish Wheel","Upper Yukon"
2015,4100,3000,1450,"2013-04","2015-05","S 08P","x_s08p.htm","Fish Wheel","Upper Yukon"
2014,3900,3000,1300,"2012-06","2014-04","S 08P","x_s08p.htm","Fish Wheel","Upper Yukon"
2013,4000,3000,1400,"2009-09","2013-06","S 08P","x_s08p.htm","Fish Wheel","Upper Yukon"
2012,4800,1000,500,"2008-04","2012-06","S 08P","x_s08p.htm","Fish Wheel","Upper Yukon"
2011,4800,1000,500,"2006-06","2009-09","S 08P","x_s08p.htm","Fish Wheel","Upper Yukon"
2010,4800,1000,500,"2006-06","2009-09","S 08P","x_s08p.htm","Fish Wheel","Upper Yukon"
2009,4800,1000,500,"2006-06","2009-09","S 08P","x_s08p.htm","Fish Wheel","Upper Yukon"
2008,5000,2000,800,"2003-01","2008-05","S 08P","x_s08p.htm","Fish Wheel","Upper Yukon"
2007,5900,5700,2200,NA,"2006-06","S 08P","x_s08p.htm","Fish Wheel","Upper Yukon"
2006,5900,5700,2200,NA,"2006-06","S 08P","x_s08p.htm","Fish Wheel","Upper Yukon"
2005,6400,4700,2200,NA,"2003-01","S 08P","x_s08p.htm","Fish Wheel","Upper Yukon"
2004,6400,4700,2200,NA,"2003-01","S 08P","x_s08p.htm","Fish Wheel","Upper Yukon"
2003,6400,4700,2200,NA,"2003-01","S 08P","x_s08p.htm","Fish Wheel","Upper Yukon"
2002,6900,4700,2300,NA,"2002-07","S 08P","x_s08p.htm","Fish Wheel","Upper Yukon"
2001,7700,4700,1950,NA,NA,"S 08P","x_s08p.htm","Fish Wheel","Upper Yukon"
2000,7700,4700,1950,NA,NA,"S 08P","x_s08p.htm","Fish Wheel","Upper Yukon"
1999,7700,4700,1950,NA,NA,"S 08P","x_s08p.htm","Fish Wheel","Upper Yukon"
1998,8700,1500,750,NA,NA,"S 08P","x_s08p.htm","Fish Wheel","Upper Yukon"
1997,8900,1000,500,NA,NA,"S 08P","x_s08p.htm","Fish Wheel","Upper Yukon"
1996,8900,2500,1100,NA,NA,"S 08P","x_s08p.htm","Fish Wheel","Upper Yukon"
1995,6900,5000,2400,NA,NA,"S 08P","x_s08p.htm","Fish Wheel","Upper Yukon"
1994,7300,6500,3050,NA,NA,"S 08P","x_s08p.htm","Fish Wheel","Upper Yukon"
1993,1900,5000,2150,NA,NA,"S 08P","x_s08p.htm","Fish Wheel","Upper Yukon"
1992,900,7000,2600,NA,NA,"S 08P","x_s08p.htm","Fish Wheel","Upper Yukon"
1991,800,3500,1300,NA,NA,"S 08P","x_s08p.htm","Fish Wheel","Upper Yukon"
1990,1667,NA,NA,NA,NA,"S 08P","x_s08p.htm","Fish Wheel","Upper Yukon"
1989,2667,NA,NA,NA,NA,"S 08P","x_s08p.htm","Fish Wheel","Upper Yukon"
1988,8700,NA,NA,NA,NA,"S 08P","x_s08p.htm","Fish Wheel","Upper Yukon"
1987,9089,NA,NA,NA,NA,"S 08P","x_s08p.htm","Fish Wheel","Upper Yukon"
1986,3500,NA,NA,NA,NA,"S 08P","x_s08p.htm","Fish Wheel","Upper Yukon"
1985,1667,NA,NA,NA,NA,"S 08P","x_s08p.htm","Fish Wheel","Upper Yukon"
1984,2333,NA,NA,NA,NA,"S 08P","x_s08p.htm","Fish Wheel","Upper Yukon"
1982,500,NA,NA,NA,NA,"S 08P","x_s08p.htm","Fish Wheel","Upper Yukon"
